Start Time,Duration,Run ID,Name,Source Type,Source Name,User,Status,_name_or_path,adafactor,adam_beta1,adam_beta2,adam_epsilon,add_cross_attention,architectures,attention_probs_dropout_prob,auto_find_batch_size,bad_words_ids,batch_size,begin_suppress_tokens,bf16,bf16_full_eval,bos_token_id,chunk_size_feed_forward,classifier_dropout,cross_attention_hidden_size,data_seed,dataloader_drop_last,dataloader_num_workers,dataloader_persistent_workers,dataloader_pin_memory,ddp_backend,ddp_broadcast_buffers,ddp_bucket_cap_mb,ddp_find_unused_parameters,ddp_timeout,debug,decoder_start_token_id,deepspeed,disable_tqdm,dispatch_batches,diversity_penalty,do_eval,do_predict,do_sample,do_train,early_stopping,encoder_no_repeat_ngram_size,eos_token_id,epochs,eval_accumulation_steps,eval_delay,eval_steps,evaluation_strategy,exponential_decay_length_penalty,finetuning_task,forced_bos_token_id,forced_eos_token_id,fp16,fp16_backend,fp16_full_eval,fp16_opt_level,fsdp,fsdp_config,fsdp_min_num_params,fsdp_transformer_layer_cls_to_wrap,full_determinism,gradient_accumulation_steps,gradient_checkpointing,gradient_checkpointing_kwargs,greater_is_better,group_by_length,half_precision_backend,hidden_act,hidden_dropout_prob,hidden_size,hub_always_push,hub_model_id,hub_private_repo,hub_strategy,hub_token,id2label,ignore_data_skip,include_inputs_for_metrics,include_num_input_tokens_seen,include_tokens_per_second,initializer_range,intermediate_size,is_decoder,is_encoder_decoder,jit_mode_eval,label2id,label_names,label_smoothing_factor,layer_name,layer_norm_eps,layers_to_skip,learning_rate,length_column_name,length_penalty,load_best_model_at_end,local_rank,log_level,log_level_replica,log_on_each_node,logging_dir,logging_first_step,logging_nan_inf_filter,logging_steps,logging_strategy,lr_scheduler_kwargs,lr_scheduler_type,max_grad_norm,max_length,max_position_embeddings,max_steps,metric_for_best_model,min_length,model_type,mp_parameters,neftune_noise_alpha,no_cuda,no_repeat_ngram_size,num_attention_heads,num_beam_groups,num_beams,num_hidden_layers,num_return_sequences,num_train_epochs,optim,optim_args,output_attentions,output_dir,output_hidden_states,output_scores,overwrite_output_dir,pad_token_id,past_index,per_device_eval_batch_size,per_device_train_batch_size,per_gpu_eval_batch_size,per_gpu_train_batch_size,position_embedding_type,prediction_loss_only,prefix,problem_type,pruned_heads,push_to_hub,push_to_hub_model_id,push_to_hub_organization,push_to_hub_token,ray_scope,remove_invalid_values,remove_unused_columns,repetition_penalty,report_to,resume_from_checkpoint,return_dict,return_dict_in_generate,run_name,save_on_each_node,save_only_model,save_safetensors,save_steps,save_strategy,save_total_limit,seed,sep_token_id,skip_memory_metrics,split_batches,suppress_tokens,task_specific_params,temperature,tf32,tf_legacy_loss,tie_encoder_decoder,tie_word_embeddings,tokenizer_class,top_k,top_p,torch_compile,torch_compile_backend,torch_compile_mode,torch_dtype,torchdynamo,torchscript,tpu_metrics_debug,tpu_num_cores,transformers_version,type_vocab_size,typical_p,use_bfloat16,use_cache,use_cpu,use_ipex,use_legacy_prediction_loop,use_mps_device,vocab_size,warmup_ratio,warmup_steps,weight_decay,accuracy,epoch,eval_loss,eval_runtime,eval_samples_per_second,eval_steps_per_second,f1,learning_rate,loss,model_size,num_params,precision,prediction_time,recall,total_flos,train_loss,train_runtime,train_samples_per_second,train_steps_per_second,training_time
2024-07-21 02:06:06,,5980179a835741c8a5018a4c1fb9734d,Full_Pretrained_8_5_2024-07-21_02-05-32,LOCAL,/Users/monu/opt/anaconda3/lib/python3.9/site-packages/ipykernel_launcher.py,root,RUNNING,bert-base-uncased,False,0.9,0.999,1e-08,False,['BertForMaskedLM'],0.1,False,None,8,None,False,False,None,0,None,None,None,False,0,False,True,None,None,None,None,1800,[],None,None,False,None,0.0,True,False,False,False,False,0,None,5,None,0,None,epoch,None,None,None,None,False,auto,False,O1,[],"{'min_num_params': 0, 'xla': False, 'xla_fsdp_grad_ckpt': False}",0,None,False,1,False,None,False,False,auto,gelu,0.1,768,False,None,False,every_save,<HUB_TOKEN>,"{0: 'LABEL_0', 1: 'LABEL_1', 2: 'LABEL_2', 3: 'LABEL_3', 4: 'LABEL_4'}",False,False,False,False,0.02,3072,False,False,False,"{'LABEL_0': 0, 'LABEL_1': 1, 'LABEL_2': 2, 'LABEL_3': 3, 'LABEL_4': 4}",None,0.0,Full_Pretrained,1e-12,full,2e-05,length,1.0,True,0,passive,warning,True,./logs_finetuned_2024-07-21_02-05-32,False,True,50,steps,{},linear,1.0,20,512,-1,loss,0,bert,,None,False,0,12,1,1,12,1,5,adamw_torch,None,False,./results_finetuned_2024-07-21_02-05-32,False,False,False,0,-1,8,8,None,None,absolute,False,None,None,{},False,None,None,<PUSH_TO_HUB_TOKEN>,last,False,True,1.0,"['mlflow', 'tensorboard']",None,True,False,./results_finetuned_2024-07-21_02-05-32,False,False,True,500,epoch,None,42,None,True,False,None,None,1.0,None,False,False,True,None,50,1.0,False,None,None,None,None,False,False,None,4.37.2,2,1.0,False,True,False,False,False,False,30522,0.0,0,0.0,,5,1.665331482887268,514.5205,3.292,0.412,,1.6528925619834713e-7,1.5647,,,,,,,1.5647,,,,
2024-07-20 22:38:24,3.5h,96ec52e03d384dfda1126c7aac691b7a,Layer_5_6_7_8_9_10_11_Skipped_8_5_2024-07-20_22-37-52,LOCAL,/Users/monu/opt/anaconda3/lib/python3.9/site-packages/ipykernel_launcher.py,root,FINISHED,bert-base-uncased,False,0.9,0.999,1e-08,False,['BertForMaskedLM'],0.1,False,None,8,None,False,False,None,0,None,None,None,False,0,False,True,None,None,None,None,1800,[],None,None,False,None,0.0,True,False,False,False,False,0,None,5,None,0,None,epoch,None,None,None,None,False,auto,False,O1,[],"{'min_num_params': 0, 'xla': False, 'xla_fsdp_grad_ckpt': False}",0,None,False,1,False,None,False,False,auto,gelu,0.1,768,False,None,False,every_save,<HUB_TOKEN>,"{0: 'LABEL_0', 1: 'LABEL_1', 2: 'LABEL_2', 3: 'LABEL_3', 4: 'LABEL_4'}",False,False,False,False,0.02,3072,False,False,False,"{'LABEL_0': 0, 'LABEL_1': 1, 'LABEL_2': 2, 'LABEL_3': 3, 'LABEL_4': 4}",None,0.0,Layer_5_6_7_8_9_10_11_Skipped,1e-12,"[5, 6, 7, 8, 9, 10, 11]",2e-05,length,1.0,True,0,passive,warning,True,./logs_finetuned_2024-07-20_22-37-52,False,True,50,steps,{},linear,1.0,20,512,-1,loss,0,bert,,None,False,0,12,1,1,12,1,5,adamw_torch,None,False,./results_finetuned_2024-07-20_22-37-52,False,False,False,0,-1,8,8,None,None,absolute,False,None,None,{},False,None,None,<PUSH_TO_HUB_TOKEN>,last,False,True,1.0,"['mlflow', 'tensorboard']",None,True,False,./results_finetuned_2024-07-20_22-37-52,False,False,True,500,epoch,None,42,None,True,False,None,None,1.0,None,False,False,True,None,50,1.0,False,None,None,None,None,False,False,None,4.37.2,2,1.0,False,True,False,False,False,False,30522,0.0,0,0.0,0.1912632821723731,5,1.614518404006958,296.5546,5.712,0.715,0.12073283855503864,1.6528925619834713e-7,1.5987,296234615,74046725,0.1402632966128675,297.7550280094147,0.1912632821723731,2051285681450250,1.6119172799967256,12095.6322,2.801,0.35,12111.822332143784
2024-07-20 18:41:21,3.9h,3d732d46194e408596fc2550161e6bc1,Layer_1_2_3_4_5_6_7_8_Skipped_8_5_2024-07-20_18-40-57,LOCAL,/Users/monu/opt/anaconda3/lib/python3.9/site-packages/ipykernel_launcher.py,root,FINISHED,bert-base-uncased,False,0.9,0.999,1e-08,False,['BertForMaskedLM'],0.1,False,None,8,None,False,False,None,0,None,None,None,False,0,False,True,None,None,None,None,1800,[],None,None,False,None,0.0,True,False,False,False,False,0,None,5,None,0,None,epoch,None,None,None,None,False,auto,False,O1,[],"{'min_num_params': 0, 'xla': False, 'xla_fsdp_grad_ckpt': False}",0,None,False,1,False,None,False,False,auto,gelu,0.1,768,False,None,False,every_save,<HUB_TOKEN>,"{0: 'LABEL_0', 1: 'LABEL_1', 2: 'LABEL_2', 3: 'LABEL_3', 4: 'LABEL_4'}",False,False,False,False,0.02,3072,False,False,False,"{'LABEL_0': 0, 'LABEL_1': 1, 'LABEL_2': 2, 'LABEL_3': 3, 'LABEL_4': 4}",None,0.0,Layer_1_2_3_4_5_6_7_8_Skipped,1e-12,"[1, 2, 3, 4, 5, 6, 7, 8]",2e-05,length,1.0,True,0,passive,warning,True,./logs_finetuned_2024-07-20_18-40-57,False,True,50,steps,{},linear,1.0,20,512,-1,loss,0,bert,,None,False,0,12,1,1,12,1,5,adamw_torch,None,False,./results_finetuned_2024-07-20_18-40-57,False,False,False,0,-1,8,8,None,None,absolute,False,None,None,{},False,None,None,<PUSH_TO_HUB_TOKEN>,last,False,True,1.0,"['mlflow', 'tensorboard']",None,True,False,./results_finetuned_2024-07-20_18-40-57,False,False,True,500,epoch,None,42,None,True,False,None,None,1.0,None,False,False,True,None,50,1.0,False,None,None,None,None,False,False,None,4.37.2,2,1.0,False,True,False,False,False,False,30522,0.0,0,0.0,0.20365997638724911,5,1.6101655960083008,339.5803,4.989,0.624,0.06891877572692588,1.6528925619834713e-7,1.6069,324592455,81134597,0.04147738598205487,342.46672773361206,0.20365997638724911,2340848288234250,1.611382311716271,13818.513,2.451,0.306,13829.68524479866
2024-07-20 15:42:47,3.0h,bccbac15afbc4d03a102fbaa8692fab9,Layer_0_2_4_6_8_10_Skipped_8_5_2024-07-20_15-42-25,LOCAL,/Users/monu/opt/anaconda3/lib/python3.9/site-packages/ipykernel_launcher.py,root,FINISHED,bert-base-uncased,False,0.9,0.999,1e-08,False,['BertForMaskedLM'],0.1,False,None,8,None,False,False,None,0,None,None,None,False,0,False,True,None,None,None,None,1800,[],None,None,False,None,0.0,True,False,False,False,False,0,None,5,None,0,None,epoch,None,None,None,None,False,auto,False,O1,[],"{'min_num_params': 0, 'xla': False, 'xla_fsdp_grad_ckpt': False}",0,None,False,1,False,None,False,False,auto,gelu,0.1,768,False,None,False,every_save,<HUB_TOKEN>,"{0: 'LABEL_0', 1: 'LABEL_1', 2: 'LABEL_2', 3: 'LABEL_3', 4: 'LABEL_4'}",False,False,False,False,0.02,3072,False,False,False,"{'LABEL_0': 0, 'LABEL_1': 1, 'LABEL_2': 2, 'LABEL_3': 3, 'LABEL_4': 4}",None,0.0,Layer_0_2_4_6_8_10_Skipped,1e-12,"[0, 2, 4, 6, 8, 10]",2e-05,length,1.0,True,0,passive,warning,True,./logs_finetuned_2024-07-20_15-42-25,False,True,50,steps,{},linear,1.0,20,512,-1,loss,0,bert,,None,False,0,12,1,1,12,1,5,adamw_torch,None,False,./results_finetuned_2024-07-20_15-42-25,False,False,False,0,-1,8,8,None,None,absolute,False,None,None,{},False,None,None,<PUSH_TO_HUB_TOKEN>,last,False,True,1.0,"['mlflow', 'tensorboard']",None,True,False,./results_finetuned_2024-07-20_15-42-25,False,False,True,500,epoch,None,42,None,True,False,None,None,1.0,None,False,False,True,None,50,1.0,False,None,None,None,None,False,False,None,4.37.2,2,1.0,False,True,False,False,False,False,30522,0.0,0,0.0,0.1936245572609209,5,1.6544549465179443,254.2008,6.664,0.834,0.14020828724822587,1.6528925619834713e-7,1.5104,267876775,66958853,0.1904613692599304,255.92084097862244,0.1936245572609209,1761723074666250,1.5913222681110837,10406.0635,3.255,0.407,10415.730798244476
2024-07-20 12:43:54,3.0h,c20bb406c99946068fc3d8da984931b8,Layer_1_3_5_7_9_11_Skipped_8_5_2024-07-20_12-43-21,LOCAL,/Users/monu/opt/anaconda3/lib/python3.9/site-packages/ipykernel_launcher.py,root,FINISHED,bert-base-uncased,False,0.9,0.999,1e-08,False,['BertForMaskedLM'],0.1,False,None,8,None,False,False,None,0,None,None,None,False,0,False,True,None,None,None,None,1800,[],None,None,False,None,0.0,True,False,False,False,False,0,None,5,None,0,None,epoch,None,None,None,None,False,auto,False,O1,[],"{'min_num_params': 0, 'xla': False, 'xla_fsdp_grad_ckpt': False}",0,None,False,1,False,None,False,False,auto,gelu,0.1,768,False,None,False,every_save,<HUB_TOKEN>,"{0: 'LABEL_0', 1: 'LABEL_1', 2: 'LABEL_2', 3: 'LABEL_3', 4: 'LABEL_4'}",False,False,False,False,0.02,3072,False,False,False,"{'LABEL_0': 0, 'LABEL_1': 1, 'LABEL_2': 2, 'LABEL_3': 3, 'LABEL_4': 4}",None,0.0,Layer_1_3_5_7_9_11_Skipped,1e-12,"[1, 3, 5, 7, 9, 11]",2e-05,length,1.0,True,0,passive,warning,True,./logs_finetuned_2024-07-20_12-43-21,False,True,50,steps,{},linear,1.0,20,512,-1,loss,0,bert,,None,False,0,12,1,1,12,1,5,adamw_torch,None,False,./results_finetuned_2024-07-20_12-43-21,False,False,False,0,-1,8,8,None,None,absolute,False,None,None,{},False,None,None,<PUSH_TO_HUB_TOKEN>,last,False,True,1.0,"['mlflow', 'tensorboard']",None,True,False,./results_finetuned_2024-07-20_12-43-21,False,False,True,500,epoch,None,42,None,True,False,None,None,1.0,None,False,False,True,None,50,1.0,False,None,None,None,None,False,False,None,4.37.2,2,1.0,False,True,False,False,False,False,30522,0.0,0,0.0,0.20365997638724911,5,1.6590272188186646,254.1886,6.664,0.834,0.06891877572692588,1.6528925619834713e-7,1.5446,267876775,66958853,0.04147738598205487,256.30514192581177,0.20365997638724911,1761723074666250,1.5963706745026103,10415.5873,3.252,0.407,10433.53166103363
2024-07-20 09:40:18,3.1h,d55a135080884332996fdc56adc97464,Layer_0_3_5_6_8_9_Skipped_8_5_2024-07-20_09-39-51,LOCAL,/Users/monu/opt/anaconda3/lib/python3.9/site-packages/ipykernel_launcher.py,root,FINISHED,bert-base-uncased,False,0.9,0.999,1e-08,False,['BertForMaskedLM'],0.1,False,None,8,None,False,False,None,0,None,None,None,False,0,False,True,None,None,None,None,1800,[],None,None,False,None,0.0,True,False,False,False,False,0,None,5,None,0,None,epoch,None,None,None,None,False,auto,False,O1,[],"{'min_num_params': 0, 'xla': False, 'xla_fsdp_grad_ckpt': False}",0,None,False,1,False,None,False,False,auto,gelu,0.1,768,False,None,False,every_save,<HUB_TOKEN>,"{0: 'LABEL_0', 1: 'LABEL_1', 2: 'LABEL_2', 3: 'LABEL_3', 4: 'LABEL_4'}",False,False,False,False,0.02,3072,False,False,False,"{'LABEL_0': 0, 'LABEL_1': 1, 'LABEL_2': 2, 'LABEL_3': 3, 'LABEL_4': 4}",None,0.0,Layer_0_3_5_6_8_9_Skipped,1e-12,"[0, 3, 5, 6, 8, 9]",2e-05,length,1.0,True,0,passive,warning,True,./logs_finetuned_2024-07-20_09-39-51,False,True,50,steps,{},linear,1.0,20,512,-1,loss,0,bert,,None,False,0,12,1,1,12,1,5,adamw_torch,None,False,./results_finetuned_2024-07-20_09-39-51,False,False,False,0,-1,8,8,None,None,absolute,False,None,None,{},False,None,None,<PUSH_TO_HUB_TOKEN>,last,False,True,1.0,"['mlflow', 'tensorboard']",None,True,False,./results_finetuned_2024-07-20_09-39-51,False,False,True,500,epoch,None,42,None,True,False,None,None,1.0,None,False,False,True,None,50,1.0,False,None,None,None,None,False,False,None,4.37.2,2,1.0,False,True,False,False,False,False,30522,0.0,0,0.0,0.2066115702479339,5,1.6199201345443726,255.7489,6.624,0.829,0.07159976865164253,1.6528925619834713e-7,1.5935,267876775,66958853,0.24612980318290956,257.9481027126312,0.2066115702479339,1761723074666250,1.609890164281852,10684.9198,3.17,0.396,10697.68565917015
2024-07-20 06:37:14,3.0h,882deb46d7a74f779c1f4fcba7c91752,Layer_0_2_3_5_6_11_Skipped_8_5_2024-07-20_06-36-47,LOCAL,/Users/monu/opt/anaconda3/lib/python3.9/site-packages/ipykernel_launcher.py,root,FINISHED,bert-base-uncased,False,0.9,0.999,1e-08,False,['BertForMaskedLM'],0.1,False,None,8,None,False,False,None,0,None,None,None,False,0,False,True,None,None,None,None,1800,[],None,None,False,None,0.0,True,False,False,False,False,0,None,5,None,0,None,epoch,None,None,None,None,False,auto,False,O1,[],"{'min_num_params': 0, 'xla': False, 'xla_fsdp_grad_ckpt': False}",0,None,False,1,False,None,False,False,auto,gelu,0.1,768,False,None,False,every_save,<HUB_TOKEN>,"{0: 'LABEL_0', 1: 'LABEL_1', 2: 'LABEL_2', 3: 'LABEL_3', 4: 'LABEL_4'}",False,False,False,False,0.02,3072,False,False,False,"{'LABEL_0': 0, 'LABEL_1': 1, 'LABEL_2': 2, 'LABEL_3': 3, 'LABEL_4': 4}",None,0.0,Layer_0_2_3_5_6_11_Skipped,1e-12,"[0, 2, 3, 5, 6, 11]",2e-05,length,1.0,True,0,passive,warning,True,./logs_finetuned_2024-07-20_06-36-47,False,True,50,steps,{},linear,1.0,20,512,-1,loss,0,bert,,None,False,0,12,1,1,12,1,5,adamw_torch,None,False,./results_finetuned_2024-07-20_06-36-47,False,False,False,0,-1,8,8,None,None,absolute,False,None,None,{},False,None,None,<PUSH_TO_HUB_TOKEN>,last,False,True,1.0,"['mlflow', 'tensorboard']",None,True,False,./results_finetuned_2024-07-20_06-36-47,False,False,True,500,epoch,None,42,None,True,False,None,None,1.0,None,False,False,True,None,50,1.0,False,None,None,None,None,False,False,None,4.37.2,2,1.0,False,True,False,False,False,False,30522,0.0,0,0.0,0.20365997638724911,5,1.6990224123001099,254.3232,6.661,0.834,0.06891877572692588,1.6528925619834713e-7,1.5268,267876775,66958853,0.04147738598205487,256.72350692749023,0.20365997638724911,1761723074666250,1.578731045053025,10664.8225,3.176,0.397,10679.25884103775
2024-07-20 03:33:37,3.1h,7c192565f819438abeb38432ee350b36,Layer_3_4_5_7_8_9_Skipped_8_5_2024-07-20_03-33-07,LOCAL,/Users/monu/opt/anaconda3/lib/python3.9/site-packages/ipykernel_launcher.py,root,FINISHED,bert-base-uncased,False,0.9,0.999,1e-08,False,['BertForMaskedLM'],0.1,False,None,8,None,False,False,None,0,None,None,None,False,0,False,True,None,None,None,None,1800,[],None,None,False,None,0.0,True,False,False,False,False,0,None,5,None,0,None,epoch,None,None,None,None,False,auto,False,O1,[],"{'min_num_params': 0, 'xla': False, 'xla_fsdp_grad_ckpt': False}",0,None,False,1,False,None,False,False,auto,gelu,0.1,768,False,None,False,every_save,<HUB_TOKEN>,"{0: 'LABEL_0', 1: 'LABEL_1', 2: 'LABEL_2', 3: 'LABEL_3', 4: 'LABEL_4'}",False,False,False,False,0.02,3072,False,False,False,"{'LABEL_0': 0, 'LABEL_1': 1, 'LABEL_2': 2, 'LABEL_3': 3, 'LABEL_4': 4}",None,0.0,Layer_3_4_5_7_8_9_Skipped,1e-12,"[3, 4, 5, 7, 8, 9]",2e-05,length,1.0,True,0,passive,warning,True,./logs_finetuned_2024-07-20_03-33-07,False,True,50,steps,{},linear,1.0,20,512,-1,loss,0,bert,,None,False,0,12,1,1,12,1,5,adamw_torch,None,False,./results_finetuned_2024-07-20_03-33-07,False,False,False,0,-1,8,8,None,None,absolute,False,None,None,{},False,None,None,<PUSH_TO_HUB_TOKEN>,last,False,True,1.0,"['mlflow', 'tensorboard']",None,True,False,./results_finetuned_2024-07-20_03-33-07,False,False,True,500,epoch,None,42,None,True,False,None,None,1.0,None,False,False,True,None,50,1.0,False,None,None,None,None,False,False,None,4.37.2,2,1.0,False,True,False,False,False,False,30522,0.0,0,0.0,0.2255017709563164,5,1.6287823915481567,252.8183,6.7,0.839,0.13136004878919494,1.6528925619834713e-7,1.5692,267876775,66958853,0.09452225642374187,258.77022981643677,0.2255017709563164,1761723074666250,1.6072042408912777,10681.0788,3.171,0.396,10709.364069700241
2024-07-19 21:11:42,6.4h,ada65da40b9b43d5bea971a434d458d6,Full_Pretrained_8_4_2024-07-19_21-11-16,LOCAL,/Users/monu/opt/anaconda3/lib/python3.9/site-packages/ipykernel_launcher.py,root,FINISHED,bert-base-uncased,False,0.9,0.999,1e-08,False,['BertForMaskedLM'],0.1,False,None,8,None,False,False,None,0,None,None,None,False,0,False,True,None,None,None,None,1800,[],None,None,False,None,0.0,True,False,False,False,False,0,None,4,None,0,None,epoch,None,None,None,None,False,auto,False,O1,[],"{'min_num_params': 0, 'xla': False, 'xla_fsdp_grad_ckpt': False}",0,None,False,1,False,None,False,False,auto,gelu,0.1,768,False,None,False,every_save,<HUB_TOKEN>,"{0: 'LABEL_0', 1: 'LABEL_1', 2: 'LABEL_2', 3: 'LABEL_3', 4: 'LABEL_4'}",False,False,False,False,0.02,3072,False,False,False,"{'LABEL_0': 0, 'LABEL_1': 1, 'LABEL_2': 2, 'LABEL_3': 3, 'LABEL_4': 4}",None,0.0,Full_Pretrained,1e-12,full,2e-05,length,1.0,True,0,passive,warning,True,./logs_finetuned_2024-07-19_21-11-16,False,True,50,steps,{},linear,1.0,20,512,-1,loss,0,bert,,None,False,0,12,1,1,12,1,4,adamw_torch,None,False,./results_finetuned_2024-07-19_21-11-16,False,False,False,0,-1,8,8,None,None,absolute,False,None,None,{},False,None,None,<PUSH_TO_HUB_TOKEN>,last,False,True,1.0,"['mlflow', 'tensorboard']",None,True,False,./results_finetuned_2024-07-19_21-11-16,False,False,True,500,epoch,None,42,None,True,False,None,None,1.0,None,False,False,True,None,50,1.0,False,None,None,None,None,False,False,None,4.37.2,2,1.0,False,True,False,False,False,False,30522,0.0,0,0.0,0.20188902007083825,4,1.620963215827942,514.5304,3.292,0.412,0.07479284504976204,2.243211334120425e-7,1.5788,438023751,109486085,0.06964622212448177,517.0751888751984,0.20188902007083825,2799278972296200,1.6082732381899494,22310.8778,1.215,0.152,22318.543008089066
2024-07-19 18:24:27,2.8h,e70715fd7f904d5ab44eebd8ccf8b9e1,Layer_5_6_7_8_9_10_11_Skipped_8_4_2024-07-19_18-24-01,LOCAL,/Users/monu/opt/anaconda3/lib/python3.9/site-packages/ipykernel_launcher.py,root,FINISHED,bert-base-uncased,False,0.9,0.999,1e-08,False,['BertForMaskedLM'],0.1,False,None,8,None,False,False,None,0,None,None,None,False,0,False,True,None,None,None,None,1800,[],None,None,False,None,0.0,True,False,False,False,False,0,None,4,None,0,None,epoch,None,None,None,None,False,auto,False,O1,[],"{'min_num_params': 0, 'xla': False, 'xla_fsdp_grad_ckpt': False}",0,None,False,1,False,None,False,False,auto,gelu,0.1,768,False,None,False,every_save,<HUB_TOKEN>,"{0: 'LABEL_0', 1: 'LABEL_1', 2: 'LABEL_2', 3: 'LABEL_3', 4: 'LABEL_4'}",False,False,False,False,0.02,3072,False,False,False,"{'LABEL_0': 0, 'LABEL_1': 1, 'LABEL_2': 2, 'LABEL_3': 3, 'LABEL_4': 4}",None,0.0,Layer_5_6_7_8_9_10_11_Skipped,1e-12,"[5, 6, 7, 8, 9, 10, 11]",2e-05,length,1.0,True,0,passive,warning,True,./logs_finetuned_2024-07-19_18-24-01,False,True,50,steps,{},linear,1.0,20,512,-1,loss,0,bert,,None,False,0,12,1,1,12,1,4,adamw_torch,None,False,./results_finetuned_2024-07-19_18-24-01,False,False,False,0,-1,8,8,None,None,absolute,False,None,None,{},False,None,None,<PUSH_TO_HUB_TOKEN>,last,False,True,1.0,"['mlflow', 'tensorboard']",None,True,False,./results_finetuned_2024-07-19_18-24-01,False,False,True,500,epoch,None,42,None,True,False,None,None,1.0,None,False,False,True,None,50,1.0,False,None,None,None,None,False,False,None,4.37.2,2,1.0,False,True,False,False,False,False,30522,0.0,0,0.0,0.21192443919716647,4,1.6100775003433228,296.8289,5.707,0.714,0.1642711491349645,2.243211334120425e-7,1.6054,296234615,74046725,0.16266431182252586,298.57729387283325,0.21192443919716647,1641028545160200,1.6125706826922743,9677.3782,2.8,0.35,9690.382308006287
2024-07-19 15:13:35,3.2h,91c4c1fbbb0844eb940364ea652a0b80,Layer_1_2_3_4_5_6_7_8_Skipped_8_4_2024-07-19_15-13-10,LOCAL,/Users/monu/opt/anaconda3/lib/python3.9/site-packages/ipykernel_launcher.py,root,FINISHED,bert-base-uncased,False,0.9,0.999,1e-08,False,['BertForMaskedLM'],0.1,False,None,8,None,False,False,None,0,None,None,None,False,0,False,True,None,None,None,None,1800,[],None,None,False,None,0.0,True,False,False,False,False,0,None,4,None,0,None,epoch,None,None,None,None,False,auto,False,O1,[],"{'min_num_params': 0, 'xla': False, 'xla_fsdp_grad_ckpt': False}",0,None,False,1,False,None,False,False,auto,gelu,0.1,768,False,None,False,every_save,<HUB_TOKEN>,"{0: 'LABEL_0', 1: 'LABEL_1', 2: 'LABEL_2', 3: 'LABEL_3', 4: 'LABEL_4'}",False,False,False,False,0.02,3072,False,False,False,"{'LABEL_0': 0, 'LABEL_1': 1, 'LABEL_2': 2, 'LABEL_3': 3, 'LABEL_4': 4}",None,0.0,Layer_1_2_3_4_5_6_7_8_Skipped,1e-12,"[1, 2, 3, 4, 5, 6, 7, 8]",2e-05,length,1.0,True,0,passive,warning,True,./logs_finetuned_2024-07-19_15-13-10,False,True,50,steps,{},linear,1.0,20,512,-1,loss,0,bert,,None,False,0,12,1,1,12,1,4,adamw_torch,None,False,./results_finetuned_2024-07-19_15-13-10,False,False,False,0,-1,8,8,None,None,absolute,False,None,None,{},False,None,None,<PUSH_TO_HUB_TOKEN>,last,False,True,1.0,"['mlflow', 'tensorboard']",None,True,False,./results_finetuned_2024-07-19_15-13-10,False,False,True,500,epoch,None,42,None,True,False,None,None,1.0,None,False,False,True,None,50,1.0,False,None,None,None,None,False,False,None,4.37.2,2,1.0,False,True,False,False,False,False,30522,0.0,0,0.0,0.2066115702479339,4,1.6091625690460205,338.9297,4.998,0.625,0.16323588564073802,2.243211334120425e-7,1.6025,324592455,81134597,0.22568212471341775,341.79075360298157,0.2066115702479339,1872678630587400,1.6115218233471074,11058.8739,2.451,0.306,11063.647444963455
2024-07-19 12:49:44,2.4h,4627dfefc4424158818ee2119188ab94,Layer_0_2_4_6_8_10_Skipped_8_4_2024-07-19_12-49-17,LOCAL,/Users/monu/opt/anaconda3/lib/python3.9/site-packages/ipykernel_launcher.py,root,FINISHED,bert-base-uncased,False,0.9,0.999,1e-08,False,['BertForMaskedLM'],0.1,False,None,8,None,False,False,None,0,None,None,None,False,0,False,True,None,None,None,None,1800,[],None,None,False,None,0.0,True,False,False,False,False,0,None,4,None,0,None,epoch,None,None,None,None,False,auto,False,O1,[],"{'min_num_params': 0, 'xla': False, 'xla_fsdp_grad_ckpt': False}",0,None,False,1,False,None,False,False,auto,gelu,0.1,768,False,None,False,every_save,<HUB_TOKEN>,"{0: 'LABEL_0', 1: 'LABEL_1', 2: 'LABEL_2', 3: 'LABEL_3', 4: 'LABEL_4'}",False,False,False,False,0.02,3072,False,False,False,"{'LABEL_0': 0, 'LABEL_1': 1, 'LABEL_2': 2, 'LABEL_3': 3, 'LABEL_4': 4}",None,0.0,Layer_0_2_4_6_8_10_Skipped,1e-12,"[0, 2, 4, 6, 8, 10]",2e-05,length,1.0,True,0,passive,warning,True,./logs_finetuned_2024-07-19_12-49-17,False,True,50,steps,{},linear,1.0,20,512,-1,loss,0,bert,,None,False,0,12,1,1,12,1,4,adamw_torch,None,False,./results_finetuned_2024-07-19_12-49-17,False,False,False,0,-1,8,8,None,None,absolute,False,None,None,{},False,None,None,<PUSH_TO_HUB_TOKEN>,last,False,True,1.0,"['mlflow', 'tensorboard']",None,True,False,./results_finetuned_2024-07-19_12-49-17,False,False,True,500,epoch,None,42,None,True,False,None,None,1.0,None,False,False,True,None,50,1.0,False,None,None,None,None,False,False,None,4.37.2,2,1.0,False,True,False,False,False,False,30522,0.0,0,0.0,0.1936245572609209,4,1.6213979721069336,254.1936,6.664,0.834,0.14868571686387674,2.243211334120425e-7,1.5822,267876775,66958853,0.15317870430418937,255.79747104644775,0.1936245572609209,1409378459733000,1.6076319603317604,8324.643,3.255,0.407,8332.052315950394
2024-07-19 10:25:46,2.4h,8b796fbb30e44a44a959d98c4144dfc7,Layer_1_3_5_7_9_11_Skipped_8_4_2024-07-19_10-25-20,LOCAL,/Users/monu/opt/anaconda3/lib/python3.9/site-packages/ipykernel_launcher.py,root,FINISHED,bert-base-uncased,False,0.9,0.999,1e-08,False,['BertForMaskedLM'],0.1,False,None,8,None,False,False,None,0,None,None,None,False,0,False,True,None,None,None,None,1800,[],None,None,False,None,0.0,True,False,False,False,False,0,None,4,None,0,None,epoch,None,None,None,None,False,auto,False,O1,[],"{'min_num_params': 0, 'xla': False, 'xla_fsdp_grad_ckpt': False}",0,None,False,1,False,None,False,False,auto,gelu,0.1,768,False,None,False,every_save,<HUB_TOKEN>,"{0: 'LABEL_0', 1: 'LABEL_1', 2: 'LABEL_2', 3: 'LABEL_3', 4: 'LABEL_4'}",False,False,False,False,0.02,3072,False,False,False,"{'LABEL_0': 0, 'LABEL_1': 1, 'LABEL_2': 2, 'LABEL_3': 3, 'LABEL_4': 4}",None,0.0,Layer_1_3_5_7_9_11_Skipped,1e-12,"[1, 3, 5, 7, 9, 11]",2e-05,length,1.0,True,0,passive,warning,True,./logs_finetuned_2024-07-19_10-25-20,False,True,50,steps,{},linear,1.0,20,512,-1,loss,0,bert,,None,False,0,12,1,1,12,1,4,adamw_torch,None,False,./results_finetuned_2024-07-19_10-25-20,False,False,False,0,-1,8,8,None,None,absolute,False,None,None,{},False,None,None,<PUSH_TO_HUB_TOKEN>,last,False,True,1.0,"['mlflow', 'tensorboard']",None,True,False,./results_finetuned_2024-07-19_10-25-20,False,False,True,500,epoch,None,42,None,True,False,None,None,1.0,None,False,False,True,None,50,1.0,False,None,None,None,None,False,False,None,4.37.2,2,1.0,False,True,False,False,False,False,30522,0.0,0,0.0,0.2077922077922078,4,1.6107269525527954,254.3106,6.661,0.834,0.17936235877893408,2.243211334120425e-7,1.6044,267876775,66958853,0.21444715398042738,257.26080107688904,0.2077922077922078,1409378459733000,1.611161246631897,8323.0308,3.256,0.407,8332.189373970032
2024-07-19 08:01:50,2.4h,8b68e183f1db4b11a3193163da8346b4,Layer_0_3_5_6_8_9_Skipped_8_4_2024-07-19_08-01-22,LOCAL,/Users/monu/opt/anaconda3/lib/python3.9/site-packages/ipykernel_launcher.py,root,FINISHED,bert-base-uncased,False,0.9,0.999,1e-08,False,['BertForMaskedLM'],0.1,False,None,8,None,False,False,None,0,None,None,None,False,0,False,True,None,None,None,None,1800,[],None,None,False,None,0.0,True,False,False,False,False,0,None,4,None,0,None,epoch,None,None,None,None,False,auto,False,O1,[],"{'min_num_params': 0, 'xla': False, 'xla_fsdp_grad_ckpt': False}",0,None,False,1,False,None,False,False,auto,gelu,0.1,768,False,None,False,every_save,<HUB_TOKEN>,"{0: 'LABEL_0', 1: 'LABEL_1', 2: 'LABEL_2', 3: 'LABEL_3', 4: 'LABEL_4'}",False,False,False,False,0.02,3072,False,False,False,"{'LABEL_0': 0, 'LABEL_1': 1, 'LABEL_2': 2, 'LABEL_3': 3, 'LABEL_4': 4}",None,0.0,Layer_0_3_5_6_8_9_Skipped,1e-12,"[0, 3, 5, 6, 8, 9]",2e-05,length,1.0,True,0,passive,warning,True,./logs_finetuned_2024-07-19_08-01-22,False,True,50,steps,{},linear,1.0,20,512,-1,loss,0,bert,,None,False,0,12,1,1,12,1,4,adamw_torch,None,False,./results_finetuned_2024-07-19_08-01-22,False,False,False,0,-1,8,8,None,None,absolute,False,None,None,{},False,None,None,<PUSH_TO_HUB_TOKEN>,last,False,True,1.0,"['mlflow', 'tensorboard']",None,True,False,./results_finetuned_2024-07-19_08-01-22,False,False,True,500,epoch,None,42,None,True,False,None,None,1.0,None,False,False,True,None,50,1.0,False,None,None,None,None,False,False,None,4.37.2,2,1.0,False,True,False,False,False,False,30522,0.0,0,0.0,0.20838252656434475,4,1.6108858585357666,254.2089,6.664,0.834,0.09392082365693465,2.243211334120425e-7,1.6058,267876775,66958853,0.08462773044052699,255.57782888412476,0.20838252656434475,1409378459733000,1.6128198180035407,8327.3795,3.254,0.407,8332.827893972397
2024-07-19 05:37:59,2.4h,8dbaa88f72794aa59b2112add784baa7,Layer_0_2_3_5_6_11_Skipped_8_4_2024-07-19_05-37-32,LOCAL,/Users/monu/opt/anaconda3/lib/python3.9/site-packages/ipykernel_launcher.py,root,FINISHED,bert-base-uncased,False,0.9,0.999,1e-08,False,['BertForMaskedLM'],0.1,False,None,8,None,False,False,None,0,None,None,None,False,0,False,True,None,None,None,None,1800,[],None,None,False,None,0.0,True,False,False,False,False,0,None,4,None,0,None,epoch,None,None,None,None,False,auto,False,O1,[],"{'min_num_params': 0, 'xla': False, 'xla_fsdp_grad_ckpt': False}",0,None,False,1,False,None,False,False,auto,gelu,0.1,768,False,None,False,every_save,<HUB_TOKEN>,"{0: 'LABEL_0', 1: 'LABEL_1', 2: 'LABEL_2', 3: 'LABEL_3', 4: 'LABEL_4'}",False,False,False,False,0.02,3072,False,False,False,"{'LABEL_0': 0, 'LABEL_1': 1, 'LABEL_2': 2, 'LABEL_3': 3, 'LABEL_4': 4}",None,0.0,Layer_0_2_3_5_6_11_Skipped,1e-12,"[0, 2, 3, 5, 6, 11]",2e-05,length,1.0,True,0,passive,warning,True,./logs_finetuned_2024-07-19_05-37-32,False,True,50,steps,{},linear,1.0,20,512,-1,loss,0,bert,,None,False,0,12,1,1,12,1,4,adamw_torch,None,False,./results_finetuned_2024-07-19_05-37-32,False,False,False,0,-1,8,8,None,None,absolute,False,None,None,{},False,None,None,<PUSH_TO_HUB_TOKEN>,last,False,True,1.0,"['mlflow', 'tensorboard']",None,True,False,./results_finetuned_2024-07-19_05-37-32,False,False,True,500,epoch,None,42,None,True,False,None,None,1.0,None,False,False,True,None,50,1.0,False,None,None,None,None,False,False,None,4.37.2,2,1.0,False,True,False,False,False,False,30522,0.0,0,0.0,0.20365997638724911,4,1.6178613901138306,254.2284,6.663,0.834,0.06891877572692588,2.243211334120425e-7,1.5859,267876775,66958853,0.04147738598205487,255.90702891349792,0.20365997638724911,1409378459733000,1.6073069015106598,8323.7456,3.256,0.407,8329.306903123856
2024-07-19 03:13:49,2.4h,fa2af06780df4b459ff30a6b42b00b68,Layer_3_4_5_7_8_9_Skipped_8_4_2024-07-19_03-13-27,LOCAL,/Users/monu/opt/anaconda3/lib/python3.9/site-packages/ipykernel_launcher.py,root,FINISHED,bert-base-uncased,False,0.9,0.999,1e-08,False,['BertForMaskedLM'],0.1,False,None,8,None,False,False,None,0,None,None,None,False,0,False,True,None,None,None,None,1800,[],None,None,False,None,0.0,True,False,False,False,False,0,None,4,None,0,None,epoch,None,None,None,None,False,auto,False,O1,[],"{'min_num_params': 0, 'xla': False, 'xla_fsdp_grad_ckpt': False}",0,None,False,1,False,None,False,False,auto,gelu,0.1,768,False,None,False,every_save,<HUB_TOKEN>,"{0: 'LABEL_0', 1: 'LABEL_1', 2: 'LABEL_2', 3: 'LABEL_3', 4: 'LABEL_4'}",False,False,False,False,0.02,3072,False,False,False,"{'LABEL_0': 0, 'LABEL_1': 1, 'LABEL_2': 2, 'LABEL_3': 3, 'LABEL_4': 4}",None,0.0,Layer_3_4_5_7_8_9_Skipped,1e-12,"[3, 4, 5, 7, 8, 9]",2e-05,length,1.0,True,0,passive,warning,True,./logs_finetuned_2024-07-19_03-13-27,False,True,50,steps,{},linear,1.0,20,512,-1,loss,0,bert,,None,False,0,12,1,1,12,1,4,adamw_torch,None,False,./results_finetuned_2024-07-19_03-13-27,False,False,False,0,-1,8,8,None,None,absolute,False,None,None,{},False,None,None,<PUSH_TO_HUB_TOKEN>,last,False,True,1.0,"['mlflow', 'tensorboard']",None,True,False,./results_finetuned_2024-07-19_03-13-27,False,False,True,500,epoch,None,42,None,True,False,None,None,1.0,None,False,False,True,None,50,1.0,False,None,None,None,None,False,False,None,4.37.2,2,1.0,False,True,False,False,False,False,30522,0.0,0,0.0,0.20425029515938606,4,1.6125093698501587,254.1811,6.665,0.834,0.10363888720093624,2.243211334120425e-7,1.6085,267876775,66958853,0.10531711916715501,256.7678418159485,0.20425029515938606,1409378459733000,1.6130890153797064,8328.0554,3.254,0.407,8347.493754148483
2024-07-18 23:01:32,4.2h,6a53f4b6a6a244079ddaa912e29d0c23,Full_Pretrained_8_3_2024-07-18_23-01-12,LOCAL,/Users/monu/opt/anaconda3/lib/python3.9/site-packages/ipykernel_launcher.py,root,FINISHED,bert-base-uncased,False,0.9,0.999,1e-08,False,['BertForMaskedLM'],0.1,False,None,8,None,False,False,None,0,None,None,None,False,0,False,True,None,None,None,None,1800,[],None,None,False,None,0.0,True,False,False,False,False,0,None,3,None,0,None,epoch,None,None,None,None,False,auto,False,O1,[],"{'min_num_params': 0, 'xla': False, 'xla_fsdp_grad_ckpt': False}",0,None,False,1,False,None,False,False,auto,gelu,0.1,768,False,None,False,every_save,<HUB_TOKEN>,"{0: 'LABEL_0', 1: 'LABEL_1', 2: 'LABEL_2', 3: 'LABEL_3', 4: 'LABEL_4'}",False,False,False,False,0.02,3072,False,False,False,"{'LABEL_0': 0, 'LABEL_1': 1, 'LABEL_2': 2, 'LABEL_3': 3, 'LABEL_4': 4}",None,0.0,Full_Pretrained,1e-12,full,2e-05,length,1.0,True,0,passive,warning,True,./logs_finetuned_2024-07-18_23-01-12,False,True,50,steps,{},linear,1.0,20,512,-1,loss,0,bert,,None,False,0,12,1,1,12,1,3,adamw_torch,None,False,./results_finetuned_2024-07-18_23-01-12,False,False,False,0,-1,8,8,None,None,absolute,False,None,None,{},False,None,None,<PUSH_TO_HUB_TOKEN>,last,False,True,1.0,"['mlflow', 'tensorboard']",None,True,False,./results_finetuned_2024-07-18_23-01-12,False,False,True,500,epoch,None,42,None,True,False,None,None,1.0,None,False,False,True,None,50,1.0,False,None,None,None,None,False,False,None,4.37.2,2,1.0,False,True,False,False,False,False,30522,0.0,0,0.0,0.21369539551357733,3,1.6097168922424316,510.0784,3.321,0.416,0.11874150424996545,3.2270759543486816e-7,1.6141,438023751,109486085,0.1529373538960819,555.2315728664398,0.21369539551357733,2099459229222150,1.6128710882253696,14521.9176,1.4,0.175,14526.15847492218
2024-07-18 20:54:35,2.1h,b3a677e8ab384e708e5fc07557971469,Layer_5_6_7_8_9_10_11_Skipped_8_3_2024-07-18_20-54-14,LOCAL,/Users/monu/opt/anaconda3/lib/python3.9/site-packages/ipykernel_launcher.py,root,FINISHED,bert-base-uncased,False,0.9,0.999,1e-08,False,['BertForMaskedLM'],0.1,False,None,8,None,False,False,None,0,None,None,None,False,0,False,True,None,None,None,None,1800,[],None,None,False,None,0.0,True,False,False,False,False,0,None,3,None,0,None,epoch,None,None,None,None,False,auto,False,O1,[],"{'min_num_params': 0, 'xla': False, 'xla_fsdp_grad_ckpt': False}",0,None,False,1,False,None,False,False,auto,gelu,0.1,768,False,None,False,every_save,<HUB_TOKEN>,"{0: 'LABEL_0', 1: 'LABEL_1', 2: 'LABEL_2', 3: 'LABEL_3', 4: 'LABEL_4'}",False,False,False,False,0.02,3072,False,False,False,"{'LABEL_0': 0, 'LABEL_1': 1, 'LABEL_2': 2, 'LABEL_3': 3, 'LABEL_4': 4}",None,0.0,Layer_5_6_7_8_9_10_11_Skipped,1e-12,"[5, 6, 7, 8, 9, 10, 11]",2e-05,length,1.0,True,0,passive,warning,True,./logs_finetuned_2024-07-18_20-54-14,False,True,50,steps,{},linear,1.0,20,512,-1,loss,0,bert,,None,False,0,12,1,1,12,1,3,adamw_torch,None,False,./results_finetuned_2024-07-18_20-54-14,False,False,False,0,-1,8,8,None,None,absolute,False,None,None,{},False,None,None,<PUSH_TO_HUB_TOKEN>,last,False,True,1.0,"['mlflow', 'tensorboard']",None,True,False,./results_finetuned_2024-07-18_20-54-14,False,False,True,500,epoch,None,42,None,True,False,None,None,1.0,None,False,False,True,None,50,1.0,False,None,None,None,None,False,False,None,4.37.2,2,1.0,False,True,False,False,False,False,30522,0.0,0,0.0,0.2012987012987013,3,1.6100696325302124,296.7035,5.709,0.715,0.08340632498976161,3.2270759543486816e-7,1.6087,296234615,74046725,0.07081513452601382,299.1483430862427,0.2012987012987013,1230771408870150,1.6164543995562617,7278.1189,2.793,0.349,7283.133265972137
2024-07-18 18:30:08,2.4h,2b5e625f83ef4f01925be3bba8ff13ef,Layer_1_2_3_4_5_6_7_8_Skipped_8_3_2024-07-18_18-29-46,LOCAL,/Users/monu/opt/anaconda3/lib/python3.9/site-packages/ipykernel_launcher.py,root,FINISHED,bert-base-uncased,False,0.9,0.999,1e-08,False,['BertForMaskedLM'],0.1,False,None,8,None,False,False,None,0,None,None,None,False,0,False,True,None,None,None,None,1800,[],None,None,False,None,0.0,True,False,False,False,False,0,None,3,None,0,None,epoch,None,None,None,None,False,auto,False,O1,[],"{'min_num_params': 0, 'xla': False, 'xla_fsdp_grad_ckpt': False}",0,None,False,1,False,None,False,False,auto,gelu,0.1,768,False,None,False,every_save,<HUB_TOKEN>,"{0: 'LABEL_0', 1: 'LABEL_1', 2: 'LABEL_2', 3: 'LABEL_3', 4: 'LABEL_4'}",False,False,False,False,0.02,3072,False,False,False,"{'LABEL_0': 0, 'LABEL_1': 1, 'LABEL_2': 2, 'LABEL_3': 3, 'LABEL_4': 4}",None,0.0,Layer_1_2_3_4_5_6_7_8_Skipped,1e-12,"[1, 2, 3, 4, 5, 6, 7, 8]",2e-05,length,1.0,True,0,passive,warning,True,./logs_finetuned_2024-07-18_18-29-46,False,True,50,steps,{},linear,1.0,20,512,-1,loss,0,bert,,None,False,0,12,1,1,12,1,3,adamw_torch,None,False,./results_finetuned_2024-07-18_18-29-46,False,False,False,0,-1,8,8,None,None,absolute,False,None,None,{},False,None,None,<PUSH_TO_HUB_TOKEN>,last,False,True,1.0,"['mlflow', 'tensorboard']",None,True,False,./results_finetuned_2024-07-18_18-29-46,False,False,True,500,epoch,None,42,None,True,False,None,None,1.0,None,False,False,True,None,50,1.0,False,None,None,None,None,False,False,None,4.37.2,2,1.0,False,True,False,False,False,False,30522,0.0,0,0.0,0.21428571428571427,3,1.6099897623062134,338.9193,4.998,0.626,0.1347397186644539,3.2270759543486816e-7,1.6103,324592455,81134597,0.14058873659557958,338.9193069934845,0.21428571428571427,1404508972940550,1.6140180585516668,8285.2051,2.453,0.307,8289.344549179077
2024-07-18 16:41:07,1.8h,3f4a19b9c92745b6b7ab2cbb677115eb,Layer_0_2_4_6_8_10_Skipped_8_3_2024-07-18_16-40-47,LOCAL,/Users/monu/opt/anaconda3/lib/python3.9/site-packages/ipykernel_launcher.py,root,FINISHED,bert-base-uncased,False,0.9,0.999,1e-08,False,['BertForMaskedLM'],0.1,False,None,8,None,False,False,None,0,None,None,None,False,0,False,True,None,None,None,None,1800,[],None,None,False,None,0.0,True,False,False,False,False,0,None,3,None,0,None,epoch,None,None,None,None,False,auto,False,O1,[],"{'min_num_params': 0, 'xla': False, 'xla_fsdp_grad_ckpt': False}",0,None,False,1,False,None,False,False,auto,gelu,0.1,768,False,None,False,every_save,<HUB_TOKEN>,"{0: 'LABEL_0', 1: 'LABEL_1', 2: 'LABEL_2', 3: 'LABEL_3', 4: 'LABEL_4'}",False,False,False,False,0.02,3072,False,False,False,"{'LABEL_0': 0, 'LABEL_1': 1, 'LABEL_2': 2, 'LABEL_3': 3, 'LABEL_4': 4}",None,0.0,Layer_0_2_4_6_8_10_Skipped,1e-12,"[0, 2, 4, 6, 8, 10]",2e-05,length,1.0,True,0,passive,warning,True,./logs_finetuned_2024-07-18_16-40-47,False,True,50,steps,{},linear,1.0,20,512,-1,loss,0,bert,,None,False,0,12,1,1,12,1,3,adamw_torch,None,False,./results_finetuned_2024-07-18_16-40-47,False,False,False,0,-1,8,8,None,None,absolute,False,None,None,{},False,None,None,<PUSH_TO_HUB_TOKEN>,last,False,True,1.0,"['mlflow', 'tensorboard']",None,True,False,./results_finetuned_2024-07-18_16-40-47,False,False,True,500,epoch,None,42,None,True,False,None,None,1.0,None,False,False,True,None,50,1.0,False,None,None,None,None,False,False,None,4.37.2,2,1.0,False,True,False,False,False,False,30522,0.0,0,0.0,0.2077922077922078,3,1.6131535768508911,254.1785,6.665,0.834,0.16054558095530072,3.2270759543486816e-7,1.6041,267876775,66958853,0.15961420916076838,254.66330289840698,0.2077922077922078,1057033844799750,1.6164058458612736,6245.24,3.254,0.407,6248.717725038528
2024-07-18 14:52:02,1.8h,7e4626d7d79d455795fb000152503daf,Layer_1_3_5_7_9_11_Skipped_8_3_2024-07-18_14-51-44,LOCAL,/Users/monu/opt/anaconda3/lib/python3.9/site-packages/ipykernel_launcher.py,root,FINISHED,bert-base-uncased,False,0.9,0.999,1e-08,False,['BertForMaskedLM'],0.1,False,None,8,None,False,False,None,0,None,None,None,False,0,False,True,None,None,None,None,1800,[],None,None,False,None,0.0,True,False,False,False,False,0,None,3,None,0,None,epoch,None,None,None,None,False,auto,False,O1,[],"{'min_num_params': 0, 'xla': False, 'xla_fsdp_grad_ckpt': False}",0,None,False,1,False,None,False,False,auto,gelu,0.1,768,False,None,False,every_save,<HUB_TOKEN>,"{0: 'LABEL_0', 1: 'LABEL_1', 2: 'LABEL_2', 3: 'LABEL_3', 4: 'LABEL_4'}",False,False,False,False,0.02,3072,False,False,False,"{'LABEL_0': 0, 'LABEL_1': 1, 'LABEL_2': 2, 'LABEL_3': 3, 'LABEL_4': 4}",None,0.0,Layer_1_3_5_7_9_11_Skipped,1e-12,"[1, 3, 5, 7, 9, 11]",2e-05,length,1.0,True,0,passive,warning,True,./logs_finetuned_2024-07-18_14-51-44,False,True,50,steps,{},linear,1.0,20,512,-1,loss,0,bert,,None,False,0,12,1,1,12,1,3,adamw_torch,None,False,./results_finetuned_2024-07-18_14-51-44,False,False,False,0,-1,8,8,None,None,absolute,False,None,None,{},False,None,None,<PUSH_TO_HUB_TOKEN>,last,False,True,1.0,"['mlflow', 'tensorboard']",None,True,False,./results_finetuned_2024-07-18_14-51-44,False,False,True,500,epoch,None,42,None,True,False,None,None,1.0,None,False,False,True,None,50,1.0,False,None,None,None,None,False,False,None,4.37.2,2,1.0,False,True,False,False,False,False,30522,0.0,0,0.0,0.20365997638724911,3,1.6109747886657715,254.9716,6.644,0.831,0.06891877572692588,3.2270759543486816e-7,1.6031,267876775,66958853,0.04147738598205487,257.4226460456848,0.20365997638724911,1057033844799750,1.6114727261966253,6248.105,3.253,0.407,6251.471108198166
2024-07-18 13:03:07,1.8h,589fc75ced74443996a961d8ffe32a87,Layer_0_3_5_6_8_9_Skipped_8_3_2024-07-18_13-02-39,LOCAL,/Users/monu/opt/anaconda3/lib/python3.9/site-packages/ipykernel_launcher.py,root,FINISHED,bert-base-uncased,False,0.9,0.999,1e-08,False,['BertForMaskedLM'],0.1,False,None,8,None,False,False,None,0,None,None,None,False,0,False,True,None,None,None,None,1800,[],None,None,False,None,0.0,True,False,False,False,False,0,None,3,None,0,None,epoch,None,None,None,None,False,auto,False,O1,[],"{'min_num_params': 0, 'xla': False, 'xla_fsdp_grad_ckpt': False}",0,None,False,1,False,None,False,False,auto,gelu,0.1,768,False,None,False,every_save,<HUB_TOKEN>,"{0: 'LABEL_0', 1: 'LABEL_1', 2: 'LABEL_2', 3: 'LABEL_3', 4: 'LABEL_4'}",False,False,False,False,0.02,3072,False,False,False,"{'LABEL_0': 0, 'LABEL_1': 1, 'LABEL_2': 2, 'LABEL_3': 3, 'LABEL_4': 4}",None,0.0,Layer_0_3_5_6_8_9_Skipped,1e-12,"[0, 3, 5, 6, 8, 9]",2e-05,length,1.0,True,0,passive,warning,True,./logs_finetuned_2024-07-18_13-02-39,False,True,50,steps,{},linear,1.0,20,512,-1,loss,0,bert,,None,False,0,12,1,1,12,1,3,adamw_torch,None,False,./results_finetuned_2024-07-18_13-02-39,False,False,False,0,-1,8,8,None,None,absolute,False,None,None,{},False,None,None,<PUSH_TO_HUB_TOKEN>,last,False,True,1.0,"['mlflow', 'tensorboard']",None,True,False,./results_finetuned_2024-07-18_13-02-39,False,False,True,500,epoch,None,42,None,True,False,None,None,1.0,None,False,False,True,None,50,1.0,False,None,None,None,None,False,False,None,4.37.2,2,1.0,False,True,False,False,False,False,30522,0.0,0,0.0,0.2012987012987013,3,1.6121562719345093,254.1714,6.665,0.834,0.14554525115422035,3.2270759543486816e-7,1.6066,267876775,66958853,0.18652267487190113,255.2255620956421,0.2012987012987013,1057033844799750,1.6160742509369774,6242.9205,3.256,0.407,6246.450412988663
2024-07-18 11:14:04,1.8h,b09d2711ac76432290e057b5b555325f,Layer_0_2_3_5_6_11_Skipped_8_3_2024-07-18_11-13-45,LOCAL,/Users/monu/opt/anaconda3/lib/python3.9/site-packages/ipykernel_launcher.py,root,FINISHED,bert-base-uncased,False,0.9,0.999,1e-08,False,['BertForMaskedLM'],0.1,False,None,8,None,False,False,None,0,None,None,None,False,0,False,True,None,None,None,None,1800,[],None,None,False,None,0.0,True,False,False,False,False,0,None,3,None,0,None,epoch,None,None,None,None,False,auto,False,O1,[],"{'min_num_params': 0, 'xla': False, 'xla_fsdp_grad_ckpt': False}",0,None,False,1,False,None,False,False,auto,gelu,0.1,768,False,None,False,every_save,<HUB_TOKEN>,"{0: 'LABEL_0', 1: 'LABEL_1', 2: 'LABEL_2', 3: 'LABEL_3', 4: 'LABEL_4'}",False,False,False,False,0.02,3072,False,False,False,"{'LABEL_0': 0, 'LABEL_1': 1, 'LABEL_2': 2, 'LABEL_3': 3, 'LABEL_4': 4}",None,0.0,Layer_0_2_3_5_6_11_Skipped,1e-12,"[0, 2, 3, 5, 6, 11]",2e-05,length,1.0,True,0,passive,warning,True,./logs_finetuned_2024-07-18_11-13-45,False,True,50,steps,{},linear,1.0,20,512,-1,loss,0,bert,,None,False,0,12,1,1,12,1,3,adamw_torch,None,False,./results_finetuned_2024-07-18_11-13-45,False,False,False,0,-1,8,8,None,None,absolute,False,None,None,{},False,None,None,<PUSH_TO_HUB_TOKEN>,last,False,True,1.0,"['mlflow', 'tensorboard']",None,True,False,./results_finetuned_2024-07-18_11-13-45,False,False,True,500,epoch,None,42,None,True,False,None,None,1.0,None,False,False,True,None,50,1.0,False,None,None,None,None,False,False,None,4.37.2,2,1.0,False,True,False,False,False,False,30522,0.0,0,0.0,0.2089728453364817,3,1.609819769859314,254.1857,6.664,0.834,0.13457268699224104,3.2270759543486816e-7,1.6055,267876775,66958853,0.12853623846372744,254.94857501983643,0.2089728453364817,1057033844799750,1.6124942183541482,6240.8862,3.257,0.407,6244.95254611969
2024-07-18 09:24:50,1.8h,df64a50714c8432080ede8d3a5dd2cdd,Layer_3_4_5_7_8_9_Skipped_8_3_2024-07-18_09-24-31,LOCAL,/Users/monu/opt/anaconda3/lib/python3.9/site-packages/ipykernel_launcher.py,root,FINISHED,bert-base-uncased,False,0.9,0.999,1e-08,False,['BertForMaskedLM'],0.1,False,None,8,None,False,False,None,0,None,None,None,False,0,False,True,None,None,None,None,1800,[],None,None,False,None,0.0,True,False,False,False,False,0,None,3,None,0,None,epoch,None,None,None,None,False,auto,False,O1,[],"{'min_num_params': 0, 'xla': False, 'xla_fsdp_grad_ckpt': False}",0,None,False,1,False,None,False,False,auto,gelu,0.1,768,False,None,False,every_save,<HUB_TOKEN>,"{0: 'LABEL_0', 1: 'LABEL_1', 2: 'LABEL_2', 3: 'LABEL_3', 4: 'LABEL_4'}",False,False,False,False,0.02,3072,False,False,False,"{'LABEL_0': 0, 'LABEL_1': 1, 'LABEL_2': 2, 'LABEL_3': 3, 'LABEL_4': 4}",None,0.0,Layer_3_4_5_7_8_9_Skipped,1e-12,"[3, 4, 5, 7, 8, 9]",2e-05,length,1.0,True,0,passive,warning,True,./logs_finetuned_2024-07-18_09-24-31,False,True,50,steps,{},linear,1.0,20,512,-1,loss,0,bert,,None,False,0,12,1,1,12,1,3,adamw_torch,None,False,./results_finetuned_2024-07-18_09-24-31,False,False,False,0,-1,8,8,None,None,absolute,False,None,None,{},False,None,None,<PUSH_TO_HUB_TOKEN>,last,False,True,1.0,"['mlflow', 'tensorboard']",None,True,False,./results_finetuned_2024-07-18_09-24-31,False,False,True,500,epoch,None,42,None,True,False,None,None,1.0,None,False,False,True,None,50,1.0,False,None,None,None,None,False,False,None,4.37.2,2,1.0,False,True,False,False,False,False,30522,0.0,0,0.0,0.20188902007083825,3,1.6127797365188599,254.1647,6.665,0.834,0.1709163201096078,3.2270759543486816e-7,1.6118,267876775,66958853,0.1650010281555134,268.06878900527954,0.20188902007083825,1057033844799750,1.6158843057355463,6247.2326,3.253,0.407,6250.676336765289
2024-07-18 01:23:20,8.0h,e5ace3838a984a0abecafeaf23561aed,Full_Pretrained_4_5_2024-07-18_01-23-01,LOCAL,/Users/monu/opt/anaconda3/lib/python3.9/site-packages/ipykernel_launcher.py,root,FINISHED,bert-base-uncased,False,0.9,0.999,1e-08,False,['BertForMaskedLM'],0.1,False,None,4,None,False,False,None,0,None,None,None,False,0,False,True,None,None,None,None,1800,[],None,None,False,None,0.0,True,False,False,False,False,0,None,5,None,0,None,epoch,None,None,None,None,False,auto,False,O1,[],"{'min_num_params': 0, 'xla': False, 'xla_fsdp_grad_ckpt': False}",0,None,False,1,False,None,False,False,auto,gelu,0.1,768,False,None,False,every_save,<HUB_TOKEN>,"{0: 'LABEL_0', 1: 'LABEL_1', 2: 'LABEL_2', 3: 'LABEL_3', 4: 'LABEL_4'}",False,False,False,False,0.02,3072,False,False,False,"{'LABEL_0': 0, 'LABEL_1': 1, 'LABEL_2': 2, 'LABEL_3': 3, 'LABEL_4': 4}",None,0.0,Full_Pretrained,1e-12,full,2e-05,length,1.0,True,0,passive,warning,True,./logs_finetuned_2024-07-18_01-23-01,False,True,50,steps,{},linear,1.0,20,512,-1,loss,0,bert,,None,False,0,12,1,1,12,1,5,adamw_torch,None,False,./results_finetuned_2024-07-18_01-23-01,False,False,False,0,-1,4,4,None,None,absolute,False,None,None,{},False,None,None,<PUSH_TO_HUB_TOKEN>,last,False,True,1.0,"['mlflow', 'tensorboard']",None,True,False,./results_finetuned_2024-07-18_01-23-01,False,False,True,500,epoch,None,42,None,True,False,None,None,1.0,None,False,False,True,None,50,1.0,False,None,None,None,None,False,False,None,4.37.2,2,1.0,False,True,False,False,False,False,30522,0.0,0,0.0,0.20720188902007083,5,1.614398717880249,550.9652,3.075,0.77,0.08681846995089809,4.722550177095632e-8,1.595,438023751,109486085,0.10057217666121678,551.6937620639801,0.20720188902007083,3499098715370250,1.6116069919806866,28295.2511,1.197,0.299,28298.598861932755
2024-07-17 20:40:03,4.7h,3368b158c5c441e29c5c7a8e620b7a5c,Layer_5_6_7_8_9_10_11_Skipped_4_5_2024-07-17_20-39-45,LOCAL,/Users/monu/opt/anaconda3/lib/python3.9/site-packages/ipykernel_launcher.py,root,FINISHED,bert-base-uncased,False,0.9,0.999,1e-08,False,['BertForMaskedLM'],0.1,False,None,4,None,False,False,None,0,None,None,None,False,0,False,True,None,None,None,None,1800,[],None,None,False,None,0.0,True,False,False,False,False,0,None,5,None,0,None,epoch,None,None,None,None,False,auto,False,O1,[],"{'min_num_params': 0, 'xla': False, 'xla_fsdp_grad_ckpt': False}",0,None,False,1,False,None,False,False,auto,gelu,0.1,768,False,None,False,every_save,<HUB_TOKEN>,"{0: 'LABEL_0', 1: 'LABEL_1', 2: 'LABEL_2', 3: 'LABEL_3', 4: 'LABEL_4'}",False,False,False,False,0.02,3072,False,False,False,"{'LABEL_0': 0, 'LABEL_1': 1, 'LABEL_2': 2, 'LABEL_3': 3, 'LABEL_4': 4}",None,0.0,Layer_5_6_7_8_9_10_11_Skipped,1e-12,"[5, 6, 7, 8, 9, 10, 11]",2e-05,length,1.0,True,0,passive,warning,True,./logs_finetuned_2024-07-17_20-39-45,False,True,50,steps,{},linear,1.0,20,512,-1,loss,0,bert,,None,False,0,12,1,1,12,1,5,adamw_torch,None,False,./results_finetuned_2024-07-17_20-39-45,False,False,False,0,-1,4,4,None,None,absolute,False,None,None,{},False,None,None,<PUSH_TO_HUB_TOKEN>,last,False,True,1.0,"['mlflow', 'tensorboard']",None,True,False,./results_finetuned_2024-07-17_20-39-45,False,False,True,500,epoch,None,42,None,True,False,None,None,1.0,None,False,False,True,None,50,1.0,False,None,None,None,None,False,False,None,4.37.2,2,1.0,False,True,False,False,False,False,30522,0.0,0,0.0,0.20365997638724911,5,1.6146578788757324,317.1221,5.342,1.337,0.07247765121823296,4.722550177095632e-8,1.6062,296234615,74046725,0.06702185771089306,318.8259389400482,0.20365997638724911,2051285681450250,1.6120750129996957,16635.6757,2.036,0.509,16638.887575864792
2024-07-17 15:17:48,5.4h,f66ac4a242d84e2bab2e9aced3c5d47d,Layer_1_2_3_4_5_6_7_8_Skipped_4_5_2024-07-17_15-17-30,LOCAL,/Users/monu/opt/anaconda3/lib/python3.9/site-packages/ipykernel_launcher.py,root,FINISHED,bert-base-uncased,False,0.9,0.999,1e-08,False,['BertForMaskedLM'],0.1,False,None,4,None,False,False,None,0,None,None,None,False,0,False,True,None,None,None,None,1800,[],None,None,False,None,0.0,True,False,False,False,False,0,None,5,None,0,None,epoch,None,None,None,None,False,auto,False,O1,[],"{'min_num_params': 0, 'xla': False, 'xla_fsdp_grad_ckpt': False}",0,None,False,1,False,None,False,False,auto,gelu,0.1,768,False,None,False,every_save,<HUB_TOKEN>,"{0: 'LABEL_0', 1: 'LABEL_1', 2: 'LABEL_2', 3: 'LABEL_3', 4: 'LABEL_4'}",False,False,False,False,0.02,3072,False,False,False,"{'LABEL_0': 0, 'LABEL_1': 1, 'LABEL_2': 2, 'LABEL_3': 3, 'LABEL_4': 4}",None,0.0,Layer_1_2_3_4_5_6_7_8_Skipped,1e-12,"[1, 2, 3, 4, 5, 6, 7, 8]",2e-05,length,1.0,True,0,passive,warning,True,./logs_finetuned_2024-07-17_15-17-30,False,True,50,steps,{},linear,1.0,20,512,-1,loss,0,bert,,None,False,0,12,1,1,12,1,5,adamw_torch,None,False,./results_finetuned_2024-07-17_15-17-30,False,False,False,0,-1,4,4,None,None,absolute,False,None,None,{},False,None,None,<PUSH_TO_HUB_TOKEN>,last,False,True,1.0,"['mlflow', 'tensorboard']",None,True,False,./results_finetuned_2024-07-17_15-17-30,False,False,True,500,epoch,None,42,None,True,False,None,None,1.0,None,False,False,True,None,50,1.0,False,None,None,None,None,False,False,None,4.37.2,2,1.0,False,True,False,False,False,False,30522,0.0,0,0.0,0.20365997638724911,5,1.6099776029586792,363.1135,4.665,1.168,0.06891877572692588,4.722550177095632e-8,1.607,324592455,81134597,0.04147738598205487,364.8991479873657,0.20365997638724911,2340848288234250,1.6119707226893978,18930.7976,1.789,0.447,18933.785450220108
2024-07-17 11:14:03,4.1h,b7ba8cfc20644bd397855f535bbb9966,Layer_0_2_4_6_8_10_Skipped_4_5_2024-07-17_11-13-44,LOCAL,/Users/monu/opt/anaconda3/lib/python3.9/site-packages/ipykernel_launcher.py,root,FINISHED,bert-base-uncased,False,0.9,0.999,1e-08,False,['BertForMaskedLM'],0.1,False,None,4,None,False,False,None,0,None,None,None,False,0,False,True,None,None,None,None,1800,[],None,None,False,None,0.0,True,False,False,False,False,0,None,5,None,0,None,epoch,None,None,None,None,False,auto,False,O1,[],"{'min_num_params': 0, 'xla': False, 'xla_fsdp_grad_ckpt': False}",0,None,False,1,False,None,False,False,auto,gelu,0.1,768,False,None,False,every_save,<HUB_TOKEN>,"{0: 'LABEL_0', 1: 'LABEL_1', 2: 'LABEL_2', 3: 'LABEL_3', 4: 'LABEL_4'}",False,False,False,False,0.02,3072,False,False,False,"{'LABEL_0': 0, 'LABEL_1': 1, 'LABEL_2': 2, 'LABEL_3': 3, 'LABEL_4': 4}",None,0.0,Layer_0_2_4_6_8_10_Skipped,1e-12,"[0, 2, 4, 6, 8, 10]",2e-05,length,1.0,True,0,passive,warning,True,./logs_finetuned_2024-07-17_11-13-44,False,True,50,steps,{},linear,1.0,20,512,-1,loss,0,bert,,None,False,0,12,1,1,12,1,5,adamw_torch,None,False,./results_finetuned_2024-07-17_11-13-44,False,False,False,0,-1,4,4,None,None,absolute,False,None,None,{},False,None,None,<PUSH_TO_HUB_TOKEN>,last,False,True,1.0,"['mlflow', 'tensorboard']",None,True,False,./results_finetuned_2024-07-17_11-13-44,False,False,True,500,epoch,None,42,None,True,False,None,None,1.0,None,False,False,True,None,50,1.0,False,None,None,None,None,False,False,None,4.37.2,2,1.0,False,True,False,False,False,False,30522,0.0,0,0.0,0.2001180637544274,5,1.612489104270935,275.3582,6.152,1.54,0.11319317084845258,4.722550177095632e-8,1.609,267876775,66958853,0.1162402956698478,277.4564120769501,0.2001180637544274,1761723074666250,1.6115932734826097,14308.3645,2.367,0.592,14311.32805609703
2024-07-17 07:10:57,4.0h,1e9e32894d244f9e8add8a6a80b05ac8,Layer_1_3_5_7_9_11_Skipped_4_5_2024-07-17_07-10-39,LOCAL,/Users/monu/opt/anaconda3/lib/python3.9/site-packages/ipykernel_launcher.py,root,FINISHED,bert-base-uncased,False,0.9,0.999,1e-08,False,['BertForMaskedLM'],0.1,False,None,4,None,False,False,None,0,None,None,None,False,0,False,True,None,None,None,None,1800,[],None,None,False,None,0.0,True,False,False,False,False,0,None,5,None,0,None,epoch,None,None,None,None,False,auto,False,O1,[],"{'min_num_params': 0, 'xla': False, 'xla_fsdp_grad_ckpt': False}",0,None,False,1,False,None,False,False,auto,gelu,0.1,768,False,None,False,every_save,<HUB_TOKEN>,"{0: 'LABEL_0', 1: 'LABEL_1', 2: 'LABEL_2', 3: 'LABEL_3', 4: 'LABEL_4'}",False,False,False,False,0.02,3072,False,False,False,"{'LABEL_0': 0, 'LABEL_1': 1, 'LABEL_2': 2, 'LABEL_3': 3, 'LABEL_4': 4}",None,0.0,Layer_1_3_5_7_9_11_Skipped,1e-12,"[1, 3, 5, 7, 9, 11]",2e-05,length,1.0,True,0,passive,warning,True,./logs_finetuned_2024-07-17_07-10-39,False,True,50,steps,{},linear,1.0,20,512,-1,loss,0,bert,,None,False,0,12,1,1,12,1,5,adamw_torch,None,False,./results_finetuned_2024-07-17_07-10-39,False,False,False,0,-1,4,4,None,None,absolute,False,None,None,{},False,None,None,<PUSH_TO_HUB_TOKEN>,last,False,True,1.0,"['mlflow', 'tensorboard']",None,True,False,./results_finetuned_2024-07-17_07-10-39,False,False,True,500,epoch,None,42,None,True,False,None,None,1.0,None,False,False,True,None,50,1.0,False,None,None,None,None,False,False,None,4.37.2,2,1.0,False,True,False,False,False,False,30522,0.0,0,0.0,0.20365997638724911,5,1.6380150318145752,270.9818,6.251,1.565,0.06891877572692588,4.722550177095632e-8,1.5949,267876775,66958853,0.04147738598205487,273.54843282699585,0.20365997638724911,1761723074666250,1.6049232482910156,14275.2171,2.373,0.593,14277.992101669312
2024-07-17 03:07:48,4.0h,d4a312444db24e4e9b03a3393b68a9b0,Layer_0_3_5_6_8_9_Skipped_4_5_2024-07-17_03-07-29,LOCAL,/Users/monu/opt/anaconda3/lib/python3.9/site-packages/ipykernel_launcher.py,root,FINISHED,bert-base-uncased,False,0.9,0.999,1e-08,False,['BertForMaskedLM'],0.1,False,None,4,None,False,False,None,0,None,None,None,False,0,False,True,None,None,None,None,1800,[],None,None,False,None,0.0,True,False,False,False,False,0,None,5,None,0,None,epoch,None,None,None,None,False,auto,False,O1,[],"{'min_num_params': 0, 'xla': False, 'xla_fsdp_grad_ckpt': False}",0,None,False,1,False,None,False,False,auto,gelu,0.1,768,False,None,False,every_save,<HUB_TOKEN>,"{0: 'LABEL_0', 1: 'LABEL_1', 2: 'LABEL_2', 3: 'LABEL_3', 4: 'LABEL_4'}",False,False,False,False,0.02,3072,False,False,False,"{'LABEL_0': 0, 'LABEL_1': 1, 'LABEL_2': 2, 'LABEL_3': 3, 'LABEL_4': 4}",None,0.0,Layer_0_3_5_6_8_9_Skipped,1e-12,"[0, 3, 5, 6, 8, 9]",2e-05,length,1.0,True,0,passive,warning,True,./logs_finetuned_2024-07-17_03-07-29,False,True,50,steps,{},linear,1.0,20,512,-1,loss,0,bert,,None,False,0,12,1,1,12,1,5,adamw_torch,None,False,./results_finetuned_2024-07-17_03-07-29,False,False,False,0,-1,4,4,None,None,absolute,False,None,None,{},False,None,None,<PUSH_TO_HUB_TOKEN>,last,False,True,1.0,"['mlflow', 'tensorboard']",None,True,False,./results_finetuned_2024-07-17_03-07-29,False,False,True,500,epoch,None,42,None,True,False,None,None,1.0,None,False,False,True,None,50,1.0,False,None,None,None,None,False,False,None,4.37.2,2,1.0,False,True,False,False,False,False,30522,0.0,0,0.0,0.19952774498229045,5,1.6290619373321533,274.3557,6.174,1.545,0.14669603036360962,4.722550177095632e-8,1.5992,267876775,66958853,0.1833454429952342,276.9148910045624,0.19952774498229045,1761723074666250,1.6100830888804467,14276.4864,2.373,0.593,14279.046513080597
2024-07-16 23:04:45,4.0h,8ae73f00e78e41d9b1425ab020b81e6f,Layer_0_2_3_5_6_11_Skipped_4_5_2024-07-16_23-04-33,LOCAL,/Users/monu/opt/anaconda3/lib/python3.9/site-packages/ipykernel_launcher.py,root,FINISHED,bert-base-uncased,False,0.9,0.999,1e-08,False,['BertForMaskedLM'],0.1,False,None,4,None,False,False,None,0,None,None,None,False,0,False,True,None,None,None,None,1800,[],None,None,False,None,0.0,True,False,False,False,False,0,None,5,None,0,None,epoch,None,None,None,None,False,auto,False,O1,[],"{'min_num_params': 0, 'xla': False, 'xla_fsdp_grad_ckpt': False}",0,None,False,1,False,None,False,False,auto,gelu,0.1,768,False,None,False,every_save,<HUB_TOKEN>,"{0: 'LABEL_0', 1: 'LABEL_1', 2: 'LABEL_2', 3: 'LABEL_3', 4: 'LABEL_4'}",False,False,False,False,0.02,3072,False,False,False,"{'LABEL_0': 0, 'LABEL_1': 1, 'LABEL_2': 2, 'LABEL_3': 3, 'LABEL_4': 4}",None,0.0,Layer_0_2_3_5_6_11_Skipped,1e-12,"[0, 2, 3, 5, 6, 11]",2e-05,length,1.0,True,0,passive,warning,True,./logs_finetuned_2024-07-16_23-04-33,False,True,50,steps,{},linear,1.0,20,512,-1,loss,0,bert,,None,False,0,12,1,1,12,1,5,adamw_torch,None,False,./results_finetuned_2024-07-16_23-04-33,False,False,False,0,-1,4,4,None,None,absolute,False,None,None,{},False,None,None,<PUSH_TO_HUB_TOKEN>,last,False,True,1.0,"['mlflow', 'tensorboard']",None,True,False,./results_finetuned_2024-07-16_23-04-33,False,False,True,500,epoch,None,42,None,True,False,None,None,1.0,None,False,False,True,None,50,1.0,False,None,None,None,None,False,False,None,4.37.2,2,1.0,False,True,False,False,False,False,30522,0.0,0,0.0,0.21723730814639905,5,1.654340386390686,273.0741,6.203,1.553,0.15181777925566112,4.722550177095632e-8,1.5399,267876775,66958853,0.1958528957841297,274.76504611968994,0.21723730814639905,1761723074666250,1.5979043050808777,14271.7557,2.374,0.593,14274.256698846817
2024-07-16 19:01:35,4.0h,87674cabf5da490d8b09781c428fd6db,Layer_3_4_5_7_8_9_Skipped_4_5_2024-07-16_19-01-18,LOCAL,/Users/monu/opt/anaconda3/lib/python3.9/site-packages/ipykernel_launcher.py,root,FINISHED,bert-base-uncased,False,0.9,0.999,1e-08,False,['BertForMaskedLM'],0.1,False,None,4,None,False,False,None,0,None,None,None,False,0,False,True,None,None,None,None,1800,[],None,None,False,None,0.0,True,False,False,False,False,0,None,5,None,0,None,epoch,None,None,None,None,False,auto,False,O1,[],"{'min_num_params': 0, 'xla': False, 'xla_fsdp_grad_ckpt': False}",0,None,False,1,False,None,False,False,auto,gelu,0.1,768,False,None,False,every_save,<HUB_TOKEN>,"{0: 'LABEL_0', 1: 'LABEL_1', 2: 'LABEL_2', 3: 'LABEL_3', 4: 'LABEL_4'}",False,False,False,False,0.02,3072,False,False,False,"{'LABEL_0': 0, 'LABEL_1': 1, 'LABEL_2': 2, 'LABEL_3': 3, 'LABEL_4': 4}",None,0.0,Layer_3_4_5_7_8_9_Skipped,1e-12,"[3, 4, 5, 7, 8, 9]",2e-05,length,1.0,True,0,passive,warning,True,./logs_finetuned_2024-07-16_19-01-18,False,True,50,steps,{},linear,1.0,20,512,-1,loss,0,bert,,None,False,0,12,1,1,12,1,5,adamw_torch,None,False,./results_finetuned_2024-07-16_19-01-18,False,False,False,0,-1,4,4,None,None,absolute,False,None,None,{},False,None,None,<PUSH_TO_HUB_TOKEN>,last,False,True,1.0,"['mlflow', 'tensorboard']",None,True,False,./results_finetuned_2024-07-16_19-01-18,False,False,True,500,epoch,None,42,None,True,False,None,None,1.0,None,False,False,True,None,50,1.0,False,None,None,None,None,False,False,None,4.37.2,2,1.0,False,True,False,False,False,False,30522,0.0,0,0.0,0.2066115702479339,5,1.6226370334625244,275.2644,6.154,1.54,0.09895658393758115,4.722550177095632e-8,1.5973,267876775,66958853,0.08092630432401622,277.47004890441895,0.2066115702479339,1761723074666250,1.6088237474209583,14283.8834,2.372,0.593,14286.901114940643
2024-07-16 12:36:02,6.4h,1f32dcaf16534c849db98736f4e65a40,Full_Pretrained_4_4_2024-07-16_12-35-43,LOCAL,/Users/monu/opt/anaconda3/lib/python3.9/site-packages/ipykernel_launcher.py,root,FINISHED,bert-base-uncased,False,0.9,0.999,1e-08,False,['BertForMaskedLM'],0.1,False,None,4,None,False,False,None,0,None,None,None,False,0,False,True,None,None,None,None,1800,[],None,None,False,None,0.0,True,False,False,False,False,0,None,4,None,0,None,epoch,None,None,None,None,False,auto,False,O1,[],"{'min_num_params': 0, 'xla': False, 'xla_fsdp_grad_ckpt': False}",0,None,False,1,False,None,False,False,auto,gelu,0.1,768,False,None,False,every_save,<HUB_TOKEN>,"{0: 'LABEL_0', 1: 'LABEL_1', 2: 'LABEL_2', 3: 'LABEL_3', 4: 'LABEL_4'}",False,False,False,False,0.02,3072,False,False,False,"{'LABEL_0': 0, 'LABEL_1': 1, 'LABEL_2': 2, 'LABEL_3': 3, 'LABEL_4': 4}",None,0.0,Full_Pretrained,1e-12,full,2e-05,length,1.0,True,0,passive,warning,True,./logs_finetuned_2024-07-16_12-35-43,False,True,50,steps,{},linear,1.0,20,512,-1,loss,0,bert,,None,False,0,12,1,1,12,1,4,adamw_torch,None,False,./results_finetuned_2024-07-16_12-35-43,False,False,False,0,-1,4,4,None,None,absolute,False,None,None,{},False,None,None,<PUSH_TO_HUB_TOKEN>,last,False,True,1.0,"['mlflow', 'tensorboard']",None,True,False,./results_finetuned_2024-07-16_12-35-43,False,False,True,500,epoch,None,42,None,True,False,None,None,1.0,None,False,False,True,None,50,1.0,False,None,None,None,None,False,False,None,4.37.2,2,1.0,False,True,False,False,False,False,30522,0.0,0,0.0,0.20365997638724911,4,1.6119011640548706,542.2537,3.124,0.782,0.06891877572692588,7.674144037780402e-8,1.5723,438023751,109486085,0.04147738598205487,544.1779189109802,0.20365997638724911,2799278972296200,1.6110531565993849,22550.9566,1.202,0.3,22553.18117403984
2024-07-16 08:48:27,3.8h,b74724d8409046ad9b0acaed499afddf,Layer_5_6_7_8_9_10_11_Skipped_4_4_2024-07-16_08-48-11,LOCAL,/Users/monu/opt/anaconda3/lib/python3.9/site-packages/ipykernel_launcher.py,root,FINISHED,bert-base-uncased,False,0.9,0.999,1e-08,False,['BertForMaskedLM'],0.1,False,None,4,None,False,False,None,0,None,None,None,False,0,False,True,None,None,None,None,1800,[],None,None,False,None,0.0,True,False,False,False,False,0,None,4,None,0,None,epoch,None,None,None,None,False,auto,False,O1,[],"{'min_num_params': 0, 'xla': False, 'xla_fsdp_grad_ckpt': False}",0,None,False,1,False,None,False,False,auto,gelu,0.1,768,False,None,False,every_save,<HUB_TOKEN>,"{0: 'LABEL_0', 1: 'LABEL_1', 2: 'LABEL_2', 3: 'LABEL_3', 4: 'LABEL_4'}",False,False,False,False,0.02,3072,False,False,False,"{'LABEL_0': 0, 'LABEL_1': 1, 'LABEL_2': 2, 'LABEL_3': 3, 'LABEL_4': 4}",None,0.0,Layer_5_6_7_8_9_10_11_Skipped,1e-12,"[5, 6, 7, 8, 9, 10, 11]",2e-05,length,1.0,True,0,passive,warning,True,./logs_finetuned_2024-07-16_08-48-11,False,True,50,steps,{},linear,1.0,20,512,-1,loss,0,bert,,None,False,0,12,1,1,12,1,4,adamw_torch,None,False,./results_finetuned_2024-07-16_08-48-11,False,False,False,0,-1,4,4,None,None,absolute,False,None,None,{},False,None,None,<PUSH_TO_HUB_TOKEN>,last,False,True,1.0,"['mlflow', 'tensorboard']",None,True,False,./results_finetuned_2024-07-16_08-48-11,False,False,True,500,epoch,None,42,None,True,False,None,None,1.0,None,False,False,True,None,50,1.0,False,None,None,None,None,False,False,None,4.37.2,2,1.0,False,True,False,False,False,False,30522,0.0,0,0.0,0.2166469893742621,4,1.61033034324646,318.9514,5.311,1.329,0.15806391098908507,7.674144037780402e-8,1.6012,296234615,74046725,0.19069927168882683,321.03208684921265,0.2166469893742621,1641028545160200,1.6125717878060188,13297.8971,2.038,0.51,13299.890136003494
2024-07-16 04:29:53,4.3h,81d04b7ff2a44a369c42148584d3502a,Layer_1_2_3_4_5_6_7_8_Skipped_4_4_2024-07-16_04-29-35,LOCAL,/Users/monu/opt/anaconda3/lib/python3.9/site-packages/ipykernel_launcher.py,root,FINISHED,bert-base-uncased,False,0.9,0.999,1e-08,False,['BertForMaskedLM'],0.1,False,None,4,None,False,False,None,0,None,None,None,False,0,False,True,None,None,None,None,1800,[],None,None,False,None,0.0,True,False,False,False,False,0,None,4,None,0,None,epoch,None,None,None,None,False,auto,False,O1,[],"{'min_num_params': 0, 'xla': False, 'xla_fsdp_grad_ckpt': False}",0,None,False,1,False,None,False,False,auto,gelu,0.1,768,False,None,False,every_save,<HUB_TOKEN>,"{0: 'LABEL_0', 1: 'LABEL_1', 2: 'LABEL_2', 3: 'LABEL_3', 4: 'LABEL_4'}",False,False,False,False,0.02,3072,False,False,False,"{'LABEL_0': 0, 'LABEL_1': 1, 'LABEL_2': 2, 'LABEL_3': 3, 'LABEL_4': 4}",None,0.0,Layer_1_2_3_4_5_6_7_8_Skipped,1e-12,"[1, 2, 3, 4, 5, 6, 7, 8]",2e-05,length,1.0,True,0,passive,warning,True,./logs_finetuned_2024-07-16_04-29-35,False,True,50,steps,{},linear,1.0,20,512,-1,loss,0,bert,,None,False,0,12,1,1,12,1,4,adamw_torch,None,False,./results_finetuned_2024-07-16_04-29-35,False,False,False,0,-1,4,4,None,None,absolute,False,None,None,{},False,None,None,<PUSH_TO_HUB_TOKEN>,last,False,True,1.0,"['mlflow', 'tensorboard']",None,True,False,./results_finetuned_2024-07-16_04-29-35,False,False,True,500,epoch,None,42,None,True,False,None,None,1.0,None,False,False,True,None,50,1.0,False,None,None,None,None,False,False,None,4.37.2,2,1.0,False,True,False,False,False,False,30522,0.0,0,0.0,0.20365997638724911,4,1.611010193824768,364.5055,4.647,1.163,0.06891877572692588,7.674144037780402e-8,1.6098,324592455,81134597,0.04147738598205487,365.78291606903076,0.20365997638724911,1872678630587400,1.6114200053839927,15116.4723,1.793,0.448,15118.048623085022
2024-07-16 01:14:36,3.2h,9eb2291357b945c1b29495ed2a3dbea4,Layer_0_2_4_6_8_10_Skipped_4_4_2024-07-16_01-14-20,LOCAL,/Users/monu/opt/anaconda3/lib/python3.9/site-packages/ipykernel_launcher.py,root,FINISHED,bert-base-uncased,False,0.9,0.999,1e-08,False,['BertForMaskedLM'],0.1,False,None,4,None,False,False,None,0,None,None,None,False,0,False,True,None,None,None,None,1800,[],None,None,False,None,0.0,True,False,False,False,False,0,None,4,None,0,None,epoch,None,None,None,None,False,auto,False,O1,[],"{'min_num_params': 0, 'xla': False, 'xla_fsdp_grad_ckpt': False}",0,None,False,1,False,None,False,False,auto,gelu,0.1,768,False,None,False,every_save,<HUB_TOKEN>,"{0: 'LABEL_0', 1: 'LABEL_1', 2: 'LABEL_2', 3: 'LABEL_3', 4: 'LABEL_4'}",False,False,False,False,0.02,3072,False,False,False,"{'LABEL_0': 0, 'LABEL_1': 1, 'LABEL_2': 2, 'LABEL_3': 3, 'LABEL_4': 4}",None,0.0,Layer_0_2_4_6_8_10_Skipped,1e-12,"[0, 2, 4, 6, 8, 10]",2e-05,length,1.0,True,0,passive,warning,True,./logs_finetuned_2024-07-16_01-14-20,False,True,50,steps,{},linear,1.0,20,512,-1,loss,0,bert,,None,False,0,12,1,1,12,1,4,adamw_torch,None,False,./results_finetuned_2024-07-16_01-14-20,False,False,False,0,-1,4,4,None,None,absolute,False,None,None,{},False,None,None,<PUSH_TO_HUB_TOKEN>,last,False,True,1.0,"['mlflow', 'tensorboard']",None,True,False,./results_finetuned_2024-07-16_01-14-20,False,False,True,500,epoch,None,42,None,True,False,None,None,1.0,None,False,False,True,None,50,1.0,False,None,None,None,None,False,False,None,4.37.2,2,1.0,False,True,False,False,False,False,30522,0.0,0,0.0,0.19303423848878395,4,1.6205615997314453,273.3136,6.198,1.551,0.0624662998375382,7.674144037780402e-8,1.5831,267876775,66958853,0.03726221722894472,274.6104431152344,0.19303423848878395,1409378459733000,1.6106793472308054,11409.785,2.375,0.594,11411.425843000412
2024-07-15 21:59:10,3.3h,ae9ffff748cf4377a3cc6428a93c29c5,Layer_1_3_5_7_9_11_Skipped_4_4_2024-07-15_21-58-49,LOCAL,/Users/monu/opt/anaconda3/lib/python3.9/site-packages/ipykernel_launcher.py,root,FINISHED,bert-base-uncased,False,0.9,0.999,1e-08,False,['BertForMaskedLM'],0.1,False,None,4,None,False,False,None,0,None,None,None,False,0,False,True,None,None,None,None,1800,[],None,None,False,None,0.0,True,False,False,False,False,0,None,4,None,0,None,epoch,None,None,None,None,False,auto,False,O1,[],"{'min_num_params': 0, 'xla': False, 'xla_fsdp_grad_ckpt': False}",0,None,False,1,False,None,False,False,auto,gelu,0.1,768,False,None,False,every_save,<HUB_TOKEN>,"{0: 'LABEL_0', 1: 'LABEL_1', 2: 'LABEL_2', 3: 'LABEL_3', 4: 'LABEL_4'}",False,False,False,False,0.02,3072,False,False,False,"{'LABEL_0': 0, 'LABEL_1': 1, 'LABEL_2': 2, 'LABEL_3': 3, 'LABEL_4': 4}",None,0.0,Layer_1_3_5_7_9_11_Skipped,1e-12,"[1, 3, 5, 7, 9, 11]",2e-05,length,1.0,True,0,passive,warning,True,./logs_finetuned_2024-07-15_21-58-49,False,True,50,steps,{},linear,1.0,20,512,-1,loss,0,bert,,None,False,0,12,1,1,12,1,4,adamw_torch,None,False,./results_finetuned_2024-07-15_21-58-49,False,False,False,0,-1,4,4,None,None,absolute,False,None,None,{},False,None,None,<PUSH_TO_HUB_TOKEN>,last,False,True,1.0,"['mlflow', 'tensorboard']",None,True,False,./results_finetuned_2024-07-15_21-58-49,False,False,True,500,epoch,None,42,None,True,False,None,None,1.0,None,False,False,True,None,50,1.0,False,None,None,None,None,False,False,None,4.37.2,2,1.0,False,True,False,False,False,False,30522,0.0,0,0.0,0.21192443919716647,4,1.61083984375,271.0278,6.25,1.564,0.10010156252030133,7.674144037780402e-8,1.6131,267876775,66958853,0.17955826076412787,272.7790319919586,0.21192443919716647,1409378459733000,1.6135959411314837,11422.7077,2.372,0.593,11425.113520860672
2024-07-15 18:36:55,3.4h,5af21377b30b4f3693c50d67a11a7fe3,Layer_0_3_5_6_8_9_Skipped_4_4_2024-07-15_18-36-36,LOCAL,/Users/monu/opt/anaconda3/lib/python3.9/site-packages/ipykernel_launcher.py,root,FINISHED,bert-base-uncased,False,0.9,0.999,1e-08,False,['BertForMaskedLM'],0.1,False,None,4,None,False,False,None,0,None,None,None,False,0,False,True,None,None,None,None,1800,[],None,None,False,None,0.0,True,False,False,False,False,0,None,4,None,0,None,epoch,None,None,None,None,False,auto,False,O1,[],"{'min_num_params': 0, 'xla': False, 'xla_fsdp_grad_ckpt': False}",0,None,False,1,False,None,False,False,auto,gelu,0.1,768,False,None,False,every_save,<HUB_TOKEN>,"{0: 'LABEL_0', 1: 'LABEL_1', 2: 'LABEL_2', 3: 'LABEL_3', 4: 'LABEL_4'}",False,False,False,False,0.02,3072,False,False,False,"{'LABEL_0': 0, 'LABEL_1': 1, 'LABEL_2': 2, 'LABEL_3': 3, 'LABEL_4': 4}",None,0.0,Layer_0_3_5_6_8_9_Skipped,1e-12,"[0, 3, 5, 6, 8, 9]",2e-05,length,1.0,True,0,passive,warning,True,./logs_finetuned_2024-07-15_18-36-36,False,True,50,steps,{},linear,1.0,20,512,-1,loss,0,bert,,None,False,0,12,1,1,12,1,4,adamw_torch,None,False,./results_finetuned_2024-07-15_18-36-36,False,False,False,0,-1,4,4,None,None,absolute,False,None,None,{},False,None,None,<PUSH_TO_HUB_TOKEN>,last,False,True,1.0,"['mlflow', 'tensorboard']",None,True,False,./results_finetuned_2024-07-15_18-36-36,False,False,True,500,epoch,None,42,None,True,False,None,None,1.0,None,False,False,True,None,50,1.0,False,None,None,None,None,False,False,None,4.37.2,2,1.0,False,True,False,False,False,False,30522,0.0,0,0.0,0.2154663518299882,4,1.6084530353546143,274.911,6.162,1.542,0.1409995388256235,7.674144037780402e-8,1.604,267876775,66958853,0.21459219523232773,276.9366281032562,0.2154663518299882,1409378459733000,1.6107392344874503,11821.7433,2.292,0.573,11824.083701133728
2024-07-15 15:14:06,3.4h,cf4ecaa6a1bb441797e37cb9f1a8782c,Layer_0_2_3_5_6_11_Skipped_4_4_2024-07-15_15-13-46,LOCAL,/Users/monu/opt/anaconda3/lib/python3.9/site-packages/ipykernel_launcher.py,root,FINISHED,bert-base-uncased,False,0.9,0.999,1e-08,False,['BertForMaskedLM'],0.1,False,None,4,None,False,False,None,0,None,None,None,False,0,False,True,None,None,None,None,1800,[],None,None,False,None,0.0,True,False,False,False,False,0,None,4,None,0,None,epoch,None,None,None,None,False,auto,False,O1,[],"{'min_num_params': 0, 'xla': False, 'xla_fsdp_grad_ckpt': False}",0,None,False,1,False,None,False,False,auto,gelu,0.1,768,False,None,False,every_save,<HUB_TOKEN>,"{0: 'LABEL_0', 1: 'LABEL_1', 2: 'LABEL_2', 3: 'LABEL_3', 4: 'LABEL_4'}",False,False,False,False,0.02,3072,False,False,False,"{'LABEL_0': 0, 'LABEL_1': 1, 'LABEL_2': 2, 'LABEL_3': 3, 'LABEL_4': 4}",None,0.0,Layer_0_2_3_5_6_11_Skipped,1e-12,"[0, 2, 3, 5, 6, 11]",2e-05,length,1.0,True,0,passive,warning,True,./logs_finetuned_2024-07-15_15-13-46,False,True,50,steps,{},linear,1.0,20,512,-1,loss,0,bert,,None,False,0,12,1,1,12,1,4,adamw_torch,None,False,./results_finetuned_2024-07-15_15-13-46,False,False,False,0,-1,4,4,None,None,absolute,False,None,None,{},False,None,None,<PUSH_TO_HUB_TOKEN>,last,False,True,1.0,"['mlflow', 'tensorboard']",None,True,False,./results_finetuned_2024-07-15_15-13-46,False,False,True,500,epoch,None,42,None,True,False,None,None,1.0,None,False,False,True,None,50,1.0,False,None,None,None,None,False,False,None,4.37.2,2,1.0,False,True,False,False,False,False,30522,0.0,0,0.0,0.21074380165289255,4,1.6149235963821411,273.5962,6.192,1.55,0.15372026009521675,7.674144037780402e-8,1.5862,267876775,66958853,0.19955805950676114,275.39069271087646,0.21074380165289255,1409378459733000,1.608633901602825,11857.9756,2.285,0.571,11860.077012300491
2024-07-15 11:51:42,3.4h,d2e7821279f24c12962956ed2b964ccc,Layer_3_4_5_7_8_9_Skipped_4_4_2024-07-15_11-51-23,LOCAL,/Users/monu/opt/anaconda3/lib/python3.9/site-packages/ipykernel_launcher.py,root,FINISHED,bert-base-uncased,False,0.9,0.999,1e-08,False,['BertForMaskedLM'],0.1,False,None,4,None,False,False,None,0,None,None,None,False,0,False,True,None,None,None,None,1800,[],None,None,False,None,0.0,True,False,False,False,False,0,None,4,None,0,None,epoch,None,None,None,None,False,auto,False,O1,[],"{'min_num_params': 0, 'xla': False, 'xla_fsdp_grad_ckpt': False}",0,None,False,1,False,None,False,False,auto,gelu,0.1,768,False,None,False,every_save,<HUB_TOKEN>,"{0: 'LABEL_0', 1: 'LABEL_1', 2: 'LABEL_2', 3: 'LABEL_3', 4: 'LABEL_4'}",False,False,False,False,0.02,3072,False,False,False,"{'LABEL_0': 0, 'LABEL_1': 1, 'LABEL_2': 2, 'LABEL_3': 3, 'LABEL_4': 4}",None,0.0,Layer_3_4_5_7_8_9_Skipped,1e-12,"[3, 4, 5, 7, 8, 9]",2e-05,length,1.0,True,0,passive,warning,True,./logs_finetuned_2024-07-15_11-51-23,False,True,50,steps,{},linear,1.0,20,512,-1,loss,0,bert,,None,False,0,12,1,1,12,1,4,adamw_torch,None,False,./results_finetuned_2024-07-15_11-51-23,False,False,False,0,-1,4,4,None,None,absolute,False,None,None,{},False,None,None,<PUSH_TO_HUB_TOKEN>,last,False,True,1.0,"['mlflow', 'tensorboard']",None,True,False,./results_finetuned_2024-07-15_11-51-23,False,False,True,500,epoch,None,42,None,True,False,None,None,1.0,None,False,False,True,None,50,1.0,False,None,None,None,None,False,False,None,4.37.2,2,1.0,False,True,False,False,False,False,30522,0.0,0,0.0,0.22195985832349469,4,1.6097157001495361,274.9805,6.16,1.542,0.1649596651562835,7.674144037780402e-8,1.6065,267876775,66958853,0.1691401507204931,276.2805278301239,0.22195985832349469,1409378459733000,1.6117370457970126,11830.2587,2.291,0.573,11832.767303943634
2024-07-15 06:55:19,4.9h,668b5e71da0c4ebb9962be5c8512d341,Full_Pretrained_4_3_2024-07-15_06-55-01,LOCAL,/Users/monu/opt/anaconda3/lib/python3.9/site-packages/ipykernel_launcher.py,root,FINISHED,bert-base-uncased,False,0.9,0.999,1e-08,False,['BertForMaskedLM'],0.1,False,None,4,None,False,False,None,0,None,None,None,False,0,False,True,None,None,None,None,1800,[],None,None,False,None,0.0,True,False,False,False,False,0,None,3,None,0,None,epoch,None,None,None,None,False,auto,False,O1,[],"{'min_num_params': 0, 'xla': False, 'xla_fsdp_grad_ckpt': False}",0,None,False,1,False,None,False,False,auto,gelu,0.1,768,False,None,False,every_save,<HUB_TOKEN>,"{0: 'LABEL_0', 1: 'LABEL_1', 2: 'LABEL_2', 3: 'LABEL_3', 4: 'LABEL_4'}",False,False,False,False,0.02,3072,False,False,False,"{'LABEL_0': 0, 'LABEL_1': 1, 'LABEL_2': 2, 'LABEL_3': 3, 'LABEL_4': 4}",None,0.0,Full_Pretrained,1e-12,full,2e-05,length,1.0,True,0,passive,warning,True,./logs_finetuned_2024-07-15_06-55-01,False,True,50,steps,{},linear,1.0,20,512,-1,loss,0,bert,,None,False,0,12,1,1,12,1,3,adamw_torch,None,False,./results_finetuned_2024-07-15_06-55-01,False,False,False,0,-1,4,4,None,None,absolute,False,None,None,{},False,None,None,<PUSH_TO_HUB_TOKEN>,last,False,True,1.0,"['mlflow', 'tensorboard']",None,True,False,./results_finetuned_2024-07-15_06-55-01,False,False,True,500,epoch,None,42,None,True,False,None,None,1.0,None,False,False,True,None,50,1.0,False,None,None,None,None,False,False,None,4.37.2,2,1.0,False,True,False,False,False,False,30522,0.0,0,0.0,0.20365997638724911,3,1.6109445095062256,548.8345,3.087,0.773,0.06891877572692588,1.2593467138921685e-7,1.5999,438023751,109486085,0.04147738598205487,551.715943813324,0.20365997638724911,2099459229222150,1.6140318055736507,17176.5439,1.183,0.296,17177.796792030334
2024-07-15 04:03:24,2.9h,3ef4a94f166b4f83b9166dbcdf154e6f,Layer_5_6_7_8_9_10_11_Skipped_4_3_2024-07-15_04-03-08,LOCAL,/Users/monu/opt/anaconda3/lib/python3.9/site-packages/ipykernel_launcher.py,root,FINISHED,bert-base-uncased,False,0.9,0.999,1e-08,False,['BertForMaskedLM'],0.1,False,None,4,None,False,False,None,0,None,None,None,False,0,False,True,None,None,None,None,1800,[],None,None,False,None,0.0,True,False,False,False,False,0,None,3,None,0,None,epoch,None,None,None,None,False,auto,False,O1,[],"{'min_num_params': 0, 'xla': False, 'xla_fsdp_grad_ckpt': False}",0,None,False,1,False,None,False,False,auto,gelu,0.1,768,False,None,False,every_save,<HUB_TOKEN>,"{0: 'LABEL_0', 1: 'LABEL_1', 2: 'LABEL_2', 3: 'LABEL_3', 4: 'LABEL_4'}",False,False,False,False,0.02,3072,False,False,False,"{'LABEL_0': 0, 'LABEL_1': 1, 'LABEL_2': 2, 'LABEL_3': 3, 'LABEL_4': 4}",None,0.0,Layer_5_6_7_8_9_10_11_Skipped,1e-12,"[5, 6, 7, 8, 9, 10, 11]",2e-05,length,1.0,True,0,passive,warning,True,./logs_finetuned_2024-07-15_04-03-08,False,True,50,steps,{},linear,1.0,20,512,-1,loss,0,bert,,None,False,0,12,1,1,12,1,3,adamw_torch,None,False,./results_finetuned_2024-07-15_04-03-08,False,False,False,0,-1,4,4,None,None,absolute,False,None,None,{},False,None,None,<PUSH_TO_HUB_TOKEN>,last,False,True,1.0,"['mlflow', 'tensorboard']",None,True,False,./results_finetuned_2024-07-15_04-03-08,False,False,True,500,epoch,None,42,None,True,False,None,None,1.0,None,False,False,True,None,50,1.0,False,None,None,None,None,False,False,None,4.37.2,2,1.0,False,True,False,False,False,False,30522,0.0,0,0.0,0.19008264462809918,3,1.6110596656799316,317.7215,5.332,1.335,0.10882437098639558,1.2593467138921685e-7,1.6143,296234615,74046725,0.12684603775276787,319.6580390930176,0.19008264462809918,1230771408870150,1.6179900126211384,9956.4075,2.041,0.51,9957.480292081833
2024-07-15 00:47:41,3.3h,63d6f86be3ec453d859b1c4a1260377d,Layer_1_2_3_4_5_6_7_8_Skipped_4_3_2024-07-15_00-47-26,LOCAL,/Users/monu/opt/anaconda3/lib/python3.9/site-packages/ipykernel_launcher.py,root,FINISHED,bert-base-uncased,False,0.9,0.999,1e-08,False,['BertForMaskedLM'],0.1,False,None,4,None,False,False,None,0,None,None,None,False,0,False,True,None,None,None,None,1800,[],None,None,False,None,0.0,True,False,False,False,False,0,None,3,None,0,None,epoch,None,None,None,None,False,auto,False,O1,[],"{'min_num_params': 0, 'xla': False, 'xla_fsdp_grad_ckpt': False}",0,None,False,1,False,None,False,False,auto,gelu,0.1,768,False,None,False,every_save,<HUB_TOKEN>,"{0: 'LABEL_0', 1: 'LABEL_1', 2: 'LABEL_2', 3: 'LABEL_3', 4: 'LABEL_4'}",False,False,False,False,0.02,3072,False,False,False,"{'LABEL_0': 0, 'LABEL_1': 1, 'LABEL_2': 2, 'LABEL_3': 3, 'LABEL_4': 4}",None,0.0,Layer_1_2_3_4_5_6_7_8_Skipped,1e-12,"[1, 2, 3, 4, 5, 6, 7, 8]",2e-05,length,1.0,True,0,passive,warning,True,./logs_finetuned_2024-07-15_00-47-26,False,True,50,steps,{},linear,1.0,20,512,-1,loss,0,bert,,None,False,0,12,1,1,12,1,3,adamw_torch,None,False,./results_finetuned_2024-07-15_00-47-26,False,False,False,0,-1,4,4,None,None,absolute,False,None,None,{},False,None,None,<PUSH_TO_HUB_TOKEN>,last,False,True,1.0,"['mlflow', 'tensorboard']",None,True,False,./results_finetuned_2024-07-15_00-47-26,False,False,True,500,epoch,None,42,None,True,False,None,None,1.0,None,False,False,True,None,50,1.0,False,None,None,None,None,False,False,None,4.37.2,2,1.0,False,True,False,False,False,False,30522,0.0,0,0.0,0.2066115702479339,3,1.6100149154663086,365.9662,4.629,1.159,0.08243623416918129,1.2593467138921685e-7,1.6149,324592455,81134597,0.0974945134305291,367.8137092590332,0.2066115702479339,1404508972940550,1.6141166604442514,11340.1345,1.792,0.448,11340.824708223343
2024-07-14 22:19:41,2.5h,44dd206577734156ab8db3760dd59ea4,Layer_0_2_4_6_8_10_Skipped_4_3_2024-07-14_22-19-25,LOCAL,/Users/monu/opt/anaconda3/lib/python3.9/site-packages/ipykernel_launcher.py,root,FINISHED,bert-base-uncased,False,0.9,0.999,1e-08,False,['BertForMaskedLM'],0.1,False,None,4,None,False,False,None,0,None,None,None,False,0,False,True,None,None,None,None,1800,[],None,None,False,None,0.0,True,False,False,False,False,0,None,3,None,0,None,epoch,None,None,None,None,False,auto,False,O1,[],"{'min_num_params': 0, 'xla': False, 'xla_fsdp_grad_ckpt': False}",0,None,False,1,False,None,False,False,auto,gelu,0.1,768,False,None,False,every_save,<HUB_TOKEN>,"{0: 'LABEL_0', 1: 'LABEL_1', 2: 'LABEL_2', 3: 'LABEL_3', 4: 'LABEL_4'}",False,False,False,False,0.02,3072,False,False,False,"{'LABEL_0': 0, 'LABEL_1': 1, 'LABEL_2': 2, 'LABEL_3': 3, 'LABEL_4': 4}",None,0.0,Layer_0_2_4_6_8_10_Skipped,1e-12,"[0, 2, 4, 6, 8, 10]",2e-05,length,1.0,True,0,passive,warning,True,./logs_finetuned_2024-07-14_22-19-25,False,True,50,steps,{},linear,1.0,20,512,-1,loss,0,bert,,None,False,0,12,1,1,12,1,3,adamw_torch,None,False,./results_finetuned_2024-07-14_22-19-25,False,False,False,0,-1,4,4,None,None,absolute,False,None,None,{},False,None,None,<PUSH_TO_HUB_TOKEN>,last,False,True,1.0,"['mlflow', 'tensorboard']",None,True,False,./results_finetuned_2024-07-14_22-19-25,False,False,True,500,epoch,None,42,None,True,False,None,None,1.0,None,False,False,True,None,50,1.0,False,None,None,None,None,False,False,None,4.37.2,2,1.0,False,True,False,False,False,False,30522,0.0,0,0.0,0.19834710743801653,3,1.6103310585021973,274.941,6.161,1.542,0.1147747693944324,1.2593467138921685e-7,1.5997,267876775,66958853,0.20702001639655757,277.1508312225342,0.19834710743801653,1057033844799750,1.613630762441756,8567.9041,2.372,0.593,8568.64563202858
2024-07-14 19:51:55,2.5h,61b04e54c21a4136bb5acee965619290,Layer_1_3_5_7_9_11_Skipped_4_3_2024-07-14_19-51-41,LOCAL,/Users/monu/opt/anaconda3/lib/python3.9/site-packages/ipykernel_launcher.py,root,FINISHED,bert-base-uncased,False,0.9,0.999,1e-08,False,['BertForMaskedLM'],0.1,False,None,4,None,False,False,None,0,None,None,None,False,0,False,True,None,None,None,None,1800,[],None,None,False,None,0.0,True,False,False,False,False,0,None,3,None,0,None,epoch,None,None,None,None,False,auto,False,O1,[],"{'min_num_params': 0, 'xla': False, 'xla_fsdp_grad_ckpt': False}",0,None,False,1,False,None,False,False,auto,gelu,0.1,768,False,None,False,every_save,<HUB_TOKEN>,"{0: 'LABEL_0', 1: 'LABEL_1', 2: 'LABEL_2', 3: 'LABEL_3', 4: 'LABEL_4'}",False,False,False,False,0.02,3072,False,False,False,"{'LABEL_0': 0, 'LABEL_1': 1, 'LABEL_2': 2, 'LABEL_3': 3, 'LABEL_4': 4}",None,0.0,Layer_1_3_5_7_9_11_Skipped,1e-12,"[1, 3, 5, 7, 9, 11]",2e-05,length,1.0,True,0,passive,warning,True,./logs_finetuned_2024-07-14_19-51-41,False,True,50,steps,{},linear,1.0,20,512,-1,loss,0,bert,,None,False,0,12,1,1,12,1,3,adamw_torch,None,False,./results_finetuned_2024-07-14_19-51-41,False,False,False,0,-1,4,4,None,None,absolute,False,None,None,{},False,None,None,<PUSH_TO_HUB_TOKEN>,last,False,True,1.0,"['mlflow', 'tensorboard']",None,True,False,./results_finetuned_2024-07-14_19-51-41,False,False,True,500,epoch,None,42,None,True,False,None,None,1.0,None,False,False,True,None,50,1.0,False,None,None,None,None,False,False,None,4.37.2,2,1.0,False,True,False,False,False,False,30522,0.0,0,0.0,0.20484061393152303,3,1.610795497894287,272.6662,6.213,1.555,0.07447007827608089,1.2593467138921685e-7,1.6109,267876775,66958853,0.10582879138296324,274.554970741272,0.20484061393152303,1057033844799750,1.6130595479317418,8558.7567,2.375,0.594,8559.091272830963
2024-07-14 17:24:33,2.5h,b933ce94625c4994802c1e87006d012c,Layer_0_3_5_6_8_9_Skipped_4_3_2024-07-14_17-24-20,LOCAL,/Users/monu/opt/anaconda3/lib/python3.9/site-packages/ipykernel_launcher.py,root,FINISHED,bert-base-uncased,False,0.9,0.999,1e-08,False,['BertForMaskedLM'],0.1,False,None,4,None,False,False,None,0,None,None,None,False,0,False,True,None,None,None,None,1800,[],None,None,False,None,0.0,True,False,False,False,False,0,None,3,None,0,None,epoch,None,None,None,None,False,auto,False,O1,[],"{'min_num_params': 0, 'xla': False, 'xla_fsdp_grad_ckpt': False}",0,None,False,1,False,None,False,False,auto,gelu,0.1,768,False,None,False,every_save,<HUB_TOKEN>,"{0: 'LABEL_0', 1: 'LABEL_1', 2: 'LABEL_2', 3: 'LABEL_3', 4: 'LABEL_4'}",False,False,False,False,0.02,3072,False,False,False,"{'LABEL_0': 0, 'LABEL_1': 1, 'LABEL_2': 2, 'LABEL_3': 3, 'LABEL_4': 4}",None,0.0,Layer_0_3_5_6_8_9_Skipped,1e-12,"[0, 3, 5, 6, 8, 9]",2e-05,length,1.0,True,0,passive,warning,True,./logs_finetuned_2024-07-14_17-24-20,False,True,50,steps,{},linear,1.0,20,512,-1,loss,0,bert,,None,False,0,12,1,1,12,1,3,adamw_torch,None,False,./results_finetuned_2024-07-14_17-24-20,False,False,False,0,-1,4,4,None,None,absolute,False,None,None,{},False,None,None,<PUSH_TO_HUB_TOKEN>,last,False,True,1.0,"['mlflow', 'tensorboard']",None,True,False,./results_finetuned_2024-07-14_17-24-20,False,False,True,500,epoch,None,42,None,True,False,None,None,1.0,None,False,False,True,None,50,1.0,False,None,None,None,None,False,False,None,4.37.2,2,1.0,False,True,False,False,False,False,30522,0.0,0,0.0,0.20365997638724911,3,1.610000491142273,267.1847,6.34,1.587,0.06891877572692588,1.2593467138921685e-7,1.6076,267876775,66958853,0.04147738598205487,268.2958791255951,0.20365997638724911,1057033844799750,1.6148519962615546,8540.5288,2.38,0.595,8541.287981033325
2024-07-14 14:56:28,2.5h,695686f543744a29a3b78fa7c85415fd,Layer_0_2_3_5_6_11_Skipped_4_3_2024-07-14_14-56-15,LOCAL,/Users/monu/opt/anaconda3/lib/python3.9/site-packages/ipykernel_launcher.py,root,FINISHED,bert-base-uncased,False,0.9,0.999,1e-08,False,['BertForMaskedLM'],0.1,False,None,4,None,False,False,None,0,None,None,None,False,0,False,True,None,None,None,None,1800,[],None,None,False,None,0.0,True,False,False,False,False,0,None,3,None,0,None,epoch,None,None,None,None,False,auto,False,O1,[],"{'min_num_params': 0, 'xla': False, 'xla_fsdp_grad_ckpt': False}",0,None,False,1,False,None,False,False,auto,gelu,0.1,768,False,None,False,every_save,<HUB_TOKEN>,"{0: 'LABEL_0', 1: 'LABEL_1', 2: 'LABEL_2', 3: 'LABEL_3', 4: 'LABEL_4'}",False,False,False,False,0.02,3072,False,False,False,"{'LABEL_0': 0, 'LABEL_1': 1, 'LABEL_2': 2, 'LABEL_3': 3, 'LABEL_4': 4}",None,0.0,Layer_0_2_3_5_6_11_Skipped,1e-12,"[0, 2, 3, 5, 6, 11]",2e-05,length,1.0,True,0,passive,warning,True,./logs_finetuned_2024-07-14_14-56-15,False,True,50,steps,{},linear,1.0,20,512,-1,loss,0,bert,,None,False,0,12,1,1,12,1,3,adamw_torch,None,False,./results_finetuned_2024-07-14_14-56-15,False,False,False,0,-1,4,4,None,None,absolute,False,None,None,{},False,None,None,<PUSH_TO_HUB_TOKEN>,last,False,True,1.0,"['mlflow', 'tensorboard']",None,True,False,./results_finetuned_2024-07-14_14-56-15,False,False,True,500,epoch,None,42,None,True,False,None,None,1.0,None,False,False,True,None,50,1.0,False,None,None,None,None,False,False,None,4.37.2,2,1.0,False,True,False,False,False,False,30522,0.0,0,0.0,0.2066115702479339,3,1.6096748113632202,275.7811,6.143,1.537,0.17347034663039074,1.2593467138921685e-7,1.6036,267876775,66958853,0.2011856658807848,277.2821819782257,0.2066115702479339,1057033844799750,1.6128543769689303,8575.4853,2.37,0.593,8576.179109096527
2024-07-14 12:27:18,2.5h,11c5138cb77d444bb2b16984ef96ca62,Layer_3_4_5_7_8_9_Skipped_4_3_2024-07-14_12-27-02,LOCAL,/Users/monu/opt/anaconda3/lib/python3.9/site-packages/ipykernel_launcher.py,root,FINISHED,bert-base-uncased,False,0.9,0.999,1e-08,False,['BertForMaskedLM'],0.1,False,None,4,None,False,False,None,0,None,None,None,False,0,False,True,None,None,None,None,1800,[],None,None,False,None,0.0,True,False,False,False,False,0,None,3,None,0,None,epoch,None,None,None,None,False,auto,False,O1,[],"{'min_num_params': 0, 'xla': False, 'xla_fsdp_grad_ckpt': False}",0,None,False,1,False,None,False,False,auto,gelu,0.1,768,False,None,False,every_save,<HUB_TOKEN>,"{0: 'LABEL_0', 1: 'LABEL_1', 2: 'LABEL_2', 3: 'LABEL_3', 4: 'LABEL_4'}",False,False,False,False,0.02,3072,False,False,False,"{'LABEL_0': 0, 'LABEL_1': 1, 'LABEL_2': 2, 'LABEL_3': 3, 'LABEL_4': 4}",None,0.0,Layer_3_4_5_7_8_9_Skipped,1e-12,"[3, 4, 5, 7, 8, 9]",2e-05,length,1.0,True,0,passive,warning,True,./logs_finetuned_2024-07-14_12-27-02,False,True,50,steps,{},linear,1.0,20,512,-1,loss,0,bert,,None,False,0,12,1,1,12,1,3,adamw_torch,None,False,./results_finetuned_2024-07-14_12-27-02,False,False,False,0,-1,4,4,None,None,absolute,False,None,None,{},False,None,None,<PUSH_TO_HUB_TOKEN>,last,False,True,1.0,"['mlflow', 'tensorboard']",None,True,False,./results_finetuned_2024-07-14_12-27-02,False,False,True,500,epoch,None,42,None,True,False,None,None,1.0,None,False,False,True,None,50,1.0,False,None,None,None,None,False,False,None,4.37.2,2,1.0,False,True,False,False,False,False,30522,0.0,0,0.0,0.2066115702479339,3,1.610277533531189,272.147,6.225,1.558,0.07894564489711342,1.2593467138921685e-7,1.6085,267876775,66958853,0.10853008580281309,283.5733759403229,0.2066115702479339,1057033844799750,1.6123079857644205,8616.4801,2.359,0.59,8616.83244895935
